text,department
heavy bleeding is bothering me for 2 days. it started suddenly.,Gynecology
there is child cough happening since 2 days. it is not improving.,Pediatrics
i feel heavy bleeding continuously for 3 days. it started suddenly.,Emergency
experiencing severe acid reflux since a week. it started suddenly.,Gastroenterology
experiencing severe vomiting since since morning. it is not improving.,Gastroenterology
dealing with dry eyes for 2 days now. it is not improving.,Ophthalmology
facing chiwd cough and it feels serious. the pain is increasing.,Pediatrics
wheezyng is bothering me for 2 days. it is not improving.,Pulmonology
having stomach pain from past one day. it started suddenly.,Gastroenterology
having unconsciousness from past past 4 days. it started suddenly.,Emergency
i feel fatigue continuously for 3 days. it started suddenly.,Endocrinology
i have been experiencing shoulder pain for 2 days. it is getting worse.,Orthopedics
dealing with blurred vision for a week now.,Ophthalmology
facing eye pain and it feels serious.,Ophthalmology
suffering from weakness since 2 days. i am very worried.,General Medicine
suffering from voice hoarseness since 2 days. it is getting worse.,ENT
experiencing severm high blood sugar since since morning. it is getting worse.,Endocrinology
suffering from knee pain since 2 days. it is not improving.,Orthopedics
dealing with child cold for since morning now. it is not improving.,Pediatrics
experiencing severe severe breathing issue since past 4 days. the pain is increasing.,Emergency
i have been experiencing dry eyes for two weeks.,Ophthalmology
suffering from acne since last night. it is getting worse.,Dermatology
facing irregular periods and it feels serious. it started suddenly.,Gynecology
dealing with anxiety for 2 days now. the pain is increasing.,Psychiatry
i feel heavy bleeding continuously for 3 days.,Gynecology
there is child cold happening since few hours. it is getting worse.,Pediatrics
dealing with irregular periods for a week now. it started suddenly.,Gynecology
i feel body pain continuously for 3 days. the pain is increasing.,General Medicine
heart palpitations is bothering me for two weeks. the pain is increasing.,Cardiology
experiencing severe persistent cough since one day. it is getting worse.,Pulmonology
dealing with seizures for past 4 days now. it is not improving.,Neurology
i feel menstrual cramps continuously for few hours. it is not improving.,Gynecology
there is child cough happening since since morning. it started suddenly.,Pediatrics
there is bloating happening since since morning. it started suddenly.,Gastroenterology
facing excess thirst and it feels serious. the pain is increasing.,Endocrinology
i have been experiencing period delay for since morning. it is not improving.,Gynecology
i feel skin rash continuously for since morning.,Dermatology
there is headache happening since one dac.,Neurology
i feel heavy bleeding continuously for last night. it is getting worse.,Gynecology
suffering from cough since since morning. the pain is increasing.,Pulmonology
i feel shortness of breath continuously for 2 days. it is getting worse.,Pulmonology
dizziness is bothering me for one day. it is not improving.,Neurology
shortness of breath is bothering me for past 4 days. it is not improving.,Cardiology
irregular periods is bothering me for two weeks. it is not improving.,Gynecology
suffering from shortness of breath since last night. it started suddenly.,Pulmonology
i have been experiencing vomiting in child for past 4 days. it started suddenly.,Pediatrics
suffering from hormone imbalance since since morning.,Endocrinology
stress is bothering me for last night. it is not improving.,Psychiatry
there is skin rash happening since onf day. i am very worried.,Dermatology
suffering from sinus pain since since morning. the pain is increasing.,ENT
i have been expiriencing ear pain for last night. it is not improving.,ENT
facing panic attacks and it feels serious. i am very worried.,Psychiatry
suffering from urine infection since 2 days. the pain is increasing.,Urology
facing pelvic pain and it feels serious.,Gynecology
experiencing severe stomach pain since past 4 days. it is not improving.,Gastroenterology
dealing with menstrual cramps for one day now. it is not improving.,Gynecology
i feel joint swelling continuously for few hours. i am very worried.,Orthopedics
dealing with acid reflux for last night now. the pain is increasing.,Gastroenterology
facing depression and it feels serious. it is not improving.,Psychiatry
i feel severe breathing issue continuously for one day.,Emergency
dealing with eczema for past 4 days now. it is getting worse.,Dermatology
facing breathing difficulty and it feels serious. it is not improving.,Pulmonology
facing sleep issues and it feels serious. the pain is increasing.,Psychiatry
experiencing severeydry eyes since few hours. the pain is increasing.,Ophthalmology
facing pelvic pain and it feels serious. it is not improving.,Gynecology
having fever from past 2 days. it started suddenly.,General Medicine
suffering from chest pain since one day. i am very worried.,Cardiology
having shoulder pain from past a week. it is not improving.,Orthopedics
having eye redness from past past 4 days. the pain is increasing.,Ophthalmology
experiencing severe acne since since morning. it is getting worse.,Dermatology
there is wheezing happening since 3 days. it is getting worse.,Pulmonology
having breathing difficulty from past 3 days. it is not improving.,Pulmonology
i feel shortness of breath continuously for last night. it is gettisg worse.,Cardiology
having ear pain from past last night. the pain is increasing.,ENT
suffering from dry eyes since last night. it started suddenly.,Ophthalmology
there is frequent urination happening since two weeks. it is getting worse.,Urology
i have been experiencing fracture for past 4 days. the pain is increasing.,Orthopedics
vomiting is bothering me for a week. it started suddenly.,Gastroenterology
dealing with rash in child for past 4 days now. the pain is increasing.,Pediatrics
i feel child cold continuously for 3 days. it started suddenly.,Pediatrics
facing lower abdominal pain and it feels serious. it is getting worse.,Urology
experiencing severe period delay since 3 days. i am very worried.,Gynecology
dealing with rapid heartbeat for one day now. it is not improving.,Cardiology
experiencing severe high blood sugar since two weeks. the pain is increasing.,Endocrinology
i feel sore throat continuously for 3 days. it is getting worse.,ENT
i feel accident injury continuously for past 4 days. i am very worried.,Emergency
i have been experiencing urine infection for few hours. it is not improving.,Urology
there is knee pain happening since past 4 days. i am very worried.,Orthopedics
experiencing severe headache since 3 days.yit is not improving.,Neurology
i have been experiencing chest congestion for last night.,Pulmonology
i feel eye pain continuously for one day. it is not improving.,Ophthalmology
experiencing severe major trauma since few hours. it started suddenly.,Emergency
i have been experiencing itching for 3 days. it is getting worse.,Dermatology
i have been experiencing general discomfort for last night. i am very worried.,General Medicine
facing diarrhea and it feels serrous.,Gastroenterology
having double vision from past past 4 days. the pain is increasing.,Ophthalmology
experiencing severe child stomach pain since a week. it is not improving.,Pediatrics
dealing with eye redness for few hours now. the pain is increasing.,Ophthalmology
i feel breathing difficulty continuously for few hours.,Pulmonology
experiencing severe child cough since two weeks. i am very worried.,Pediatrics
facing blood in urine and it feels serious. the pain is increasing.,Urology
dealing with headache for two weeks now.,Neurology
having fracture from past since morning. it started suddenly.,Orthopedics
having headache from past few hours. i am very worried.,Neurology
experiencing severe child fever since past 4 days. it is not improving.,Pediatrics
i have been experiencing blocked nose for last night. it gs getting worse.,ENT
facing ankle injury and it feels serious. it is getting worse.,Orthopedics
there is heavy bleeding happening since past 4 days. i am very worried.,Emergency
experiencing severe sinus pain since two weeks. it is not improving.,ENT
i feel watery eyes continuously for 3 days. the pain is increasing.,Ophthalmology
there is seizures happening since one day.,Neurology
there is blurred vision happening since two weeks. it is not improving.,Ophthalmology
having burning urination from past one day. it started suddenly.,Urology
experiencing severe fracture since few hours. it started suddenly.,Orthopedics
having stress from past last night.,Psychiatry
suffering from child fever since past 4 days.,Pediatrics
experiencing severe fatigue since past 4 days. i am very worried.,Endocrinology
there is lower abdominal pain happening since a week. it ii getting worse.,Urology
experiencing severe stress since last night.,Psychiatry
i have been experiencing excess thirst for since morning.,Endocrinology
i have been experiencing child cough for few hours. the pain is increasing.,Pediatrics
i have been experiencing abdominal cramps for two weeks. i am very worried.,Gastroenterology
dealing with child cough for since morning now. it started suddenly.,Pediatrics
memory loss is bothering me for 3 days. it is not improving.,Neurology
i teel tightness in chest continuously for 3 days. i am very worried.,Cardiology
facing pelvic pain and it feels serious. i am very worried.,Gynecology
experiencing severe stomach pain since 2 days. it is not improving.,Gastroenterology
having cough from past past 4 days. it is not improving.,Pulmonology
i feel eye pain continuously for 2 days. the pain is increasing.,Ophthalmology
experiencing severe body pain since last night. i am very worried.,General Medicine
anxiety is bothering me for last night. i am very worried.,Psychiatry
having period delay from past 2 days. it started suddenly.,Gynecology
there is knee pain happening since few hours.,Orthopedics
suffering from acne since last night.,Dermatology
i have been experiencing red spots on skin for past 4 days. it started suddenly.,Dermatology
there is itching happening since few hours. i am very worried.,Dermatology
having severe chest pain from past one day. i am very worried.,Emergency
i have been experiencing weakness for last night. i am very worried.,General Medicine
facing weight gain and it feels serious. it started suddenly.,Endocrinology
suffering from ear discharge since two weeks. it is not improving.,ENT
there is chest congestion happening since past 4 days. the pain is increasing.,Pulmonology
ankle injury is bothering me for past 4 days. it started suddenly.,Orthopedics
there is ear discharge happening since few hours. it is getting worse.,ENT
i have been experiencing chest pain for few hours. it is getting worse.,Cardiology
suffering from blocked nose since 2 days. it is not improving.,ENT
there is cough happening since last night. it started suddenly.,Pulmonology
having ear discharge from past 2 days.,ENT
i have been experiencing major trauma for one day.,Emergency
suffering from viral infection since last night. i am very worried.,General Medicine
vomiting is bothering me for last night. it is getting worse.,Gastroenterology
there is diarrhea happening since 2 days.,Gastroenterology
suffering from depression since few hours. the pain is increasing.,Psychiatry
child stomach pain is bothering me for 3 days.,Pediatrics
facing memory loss and it feels serious.,Neurology
dealing with red spots on skin for one day now. it is not improving.,Dermatology
facing depression and it feels serious. i am very worried.,Psychiatry
experiencing severe severe chest pain since one day. i am very worried.,Emergency
having migraine from past few hours. the pain is increasing.,Neurology
facing breathing difficulty and it feels serious. i am very worried.,Pulmonology
i feel shortness of breath continuously for last night. it is getting worse.,Cardiology
pressure in chest is bothering me for past 4 days. it is not improving.,Cardiology
i feel joint swelling continuously for past 4 days. it is getting worse.,Orthopedics
knee pain is bothering me for past 4 days. it started suddenly.,Orthopedics
experiencing severe unconsciousness since 2 days. the pain is increasing.,Emergency
facing blocked nose and it feels serious. it is not improving.,ENT
there is vaginal discharge happening since few hours. the paim is increasing.,Gynecology
facing severe chest pain and it feels serious. it is not improving.,Emergency
voice hoarseness is bothering me for few hours.,ENT
having eye pain from past a week. i am very worried.,Ophthalmology
i feel excess thirst continuously for 3 days. it started suddenly.,Endocrinology
having major trauma from past past 4 days. it started suddenly.,Emergency
i feel back pain continuously for one day. i am very worried.,Orthopedics
facing stomach pain and it feels serious. the pain is increasing.,Gastroenterology
experiencing severe stomach pain since a week. the pain is increasing.,Gastroenterology
i feel accident injury continuously for 2 days.,Emergency
there is viral infection happening since a week. it is getting worse.,General Medicine
dealing with rajor trauma for few hours now. it started suddenly.,Emergency
fatigue is bothering me for 2 days. it is not improving.,Endocrinology
there is severe chest pain happening since two weeks. the pain is increasing.,Emergency
i have been experiencing eye pain aor since morning.,Ophthalmology
i have been experiencing skin rash for 3 days. it is not improving.,Dermatology
facing pain while urinating and it feels serious. i am very worried.,Urology
sore throat is bothering me for one day. it started suddenly.,ENT
i feel rash in child continuously for few hours. it is getting worse.,Pediatrics
i feel acid reflux continuously for a week. the pain is increasing.,Gastroenterology
i have been experiencing sinus pain for 3 days. it started suddenly.,ENT
facing severe chest pain and it feels serious. i am very worried.,Emergency
i have been experiencing tightness in chest for since morning. it is not improving.,Cardiology
there is migraine happening since a week. the pain is increasing.,Neurology
i feel pain while urinating continuously for a week. it is getting worse.,Urology
having cough from past few hours. it is getting worse.,Pulmonology
facing menstrual cramps and it feels serious.,Gynecology
experiencing severe back pain since one day. i am very worried.,Orthopedics
facing depression and it feels serious. it started suddenly.,Psychiatry
facing pain while urinating and it feels serious. the pain is increasing.,Urology
suffering from back pain since few hours. it started suddenly.,Orthopedics
panic attacks is bothering me for few hours.,Psychiatry
having blocked nose from past last night. the pain is increasing.,ENT
facing fatigue and it feels serious.,Endocrinology
facing body pain and it feels serious. it started suddenly.,General Medicine
dealing with skin rash for 3 days now.,Dermatology
experiencing severe viral infection since past 4 days. i am very worried.,General Medicine
suffering from itching since lastfnight. i am very worried.,Dermatology
pelvic pain is bothering me frr two weeks. the pain is increasing.,Gynecology
i feel panic attacks continuously for two weeks. it started suddenly.,Psychiatry
i have been experaencing child cold for one day. it is getting worse.,Pediatrics
suffering from diarrhea since few hours. it is not improving.,Gastroenterology
having headache from past 3 days. i am very worried.,Neurology
experiencing severe heavy bleeding since last night. it started suddenly.,Emergency
facing skin irritation and it feels serious. it is getting worse.,Dermatology
pain while urinating is bothering me for past 4 days.,Urology
suwfering from dizziness since one day. it started suddenly.,Neurology
i have been experiencing ear discharge for last night. it is getting worse.,ENT
there is burning urination happening since two weeks. it is not improving.,Urology
facing dizziness and it feels serious. it is getting worse.,Neurology
headache is bothering me for last night. the pain is increasing.,Neurology
suffering from numbness in hand since last night. the pain is increasing.,Neurology
dealing with accident injury for two weeks now.,Emergency
i have been experiencing blurred vision for two weeks. i am very worried.,Ophthalmology
there is heavy bleeding happening since few hours.,Emergency
experiencing severe ankle injury since two weeks. it is not improving.,Orthopedics
there is unconsciousness happenqng since 3 days.,Emergency
fracture is bothering me for 2 days. it started suddenly.,Orthopedics
i have been experiencing sleep issues for since morning. it started suddenly.,Psychiatry
having skin irritation from past 2 days. i am very worried.,Dermatology
dealing with rash in child for last night now. it is getting worse.,Pediatrics
there is urine infection happening since last night. it started suddenly.,Urology
dealing with accident injury for few hours now.,Emergency
dealing with diarrhea for since morning now. it started suddenly.,Gastroenterology
experiencing severe stomach pain since one day. it is not improving.,Gastroenterology
experiencing severe joint swelling since last night.,Orthopedics
having thyroid problem from past since morning. it is getting worse.,Endocrinology
suffering from excess thirst since 3 days. the pain is increasing.,Endocrinology
there is red spots on skin happening since one day. it is not improving.,Dermatology
experiencing severe major trauma since one day. it is getting worse.,Emergency
itching is bothering me for last night.,Dermatology
shoulder pain is bothering me for past 4 days.,Orthopedics
i feel burning urination continuously for 3 days.,Urology
i feel itching continuously for few hours. it is not improving.,Dermatology
burning urination is bothering me for one day. i am very worried.,Urology
suffering froh blocked nose since a week.,ENT
i feel body pain continuously for last night. it started suddenly.,General Medicine
chest congestion is bothering me for past 4 days. i am very worried.,Pulmonology
dealing with blurred vision for a week now. it is getting worse.,Ophthalmology
there is seizures happening since one day. i am very worried.,Neurology
facing itching and it feels serious.,Dermatology
suffering from heavy bleeding since past 4 days. it is not improving.,Gynecology
i feel blurred vision continuously for past 4 days. i am very worried.,Ophthalmology
there is major trauma happening since few hours. the pain is increasing.,Emergency
suffering from weight gain since past 4 days.,Endocrinology
severe chest pain im bothering me for last night. it is not improving.,Emergency
facing skin irritation and it feelz serious. it is not improving.,Dermatology
i have been experiencing double vision for past 4 days. the pain is increasing.,Ophthalmology
i feel weight gain continuously for one day.,Endocrinology
there is depression happening since 2 days. it started suddenly.,Psychiatry
i feel sleep issues continuously for 2 days. it is getting worse.,Psychiatry
facing wheezing and it feels serious. it started suddynly.,Pulmonology
i have been experiencing wheezing for since morning. i am very worried.,Pulmonology
i have been experiencing sleep issues for 2 days. i am very worried.,Psychiatry
suffering from shoulder pain since few hours. it started suddenly.,Orthopedics
i feel excess thirst continuously for 2 days. it is not improving.,Endocrinology
i have been experiencing hormone imbalance for two weeks. it is not improving.,Endocrinology
experiencing severe heart palpitations since a week. the pain is increasing.,Cardiology
experiencing severe memory loss since since morning. i am very wofried.,Neurology
rash in child is bothering me for two weeks. it is getting worse.,Pediatrics
suffering from shoulder pain since a week. it is not improving.,Orthopedics
i have been experiencing general discomfort for 3 days. it is not improving.,General Medicine
having seizures from past two weeks. it started suddenly.,Neurology
i have been experiencing diarrhea for since morning. it is getting worse.,Gastroenterology
suffering from stomach pain since past 4 days. it is not improving.,Gastroenterology
i have been experiencing double vision for two weeks.,Ophthalmology
experiencing severe acid reflux since one day. i am very worried.,Gastroenterology
experiencing severe seizures since last night. it is not improving.,Neurology
persistent cough is bothering me for two weeks.,Pulmonology
i have been experiencing diarrhea for since morning. it started suddenly.,Gastroenterology
experiencing severe watery eyes since two weeks. the pain is increasing.,Ophthalmology
i have been experiencing itching for last night. i am very worried.,Dermatology
excess thirst is bothering me for 2 days. it is not improving.,Endocrinology
facing viral infection and it feels serious. the pain is increasing.,General Medicine
facing heart palpitations and it feels serious. it started suddenly.,Cardiology
i have been experiencing stomach pain for few hours.,Gastroenterology
having joint swelling from past 3 days. i am very worried.,Orthopedics
dealing with breathing difficulty for last night now. it started suddenly.,Pulmonology
dealing with sleep issues for since morning now. i am very worried.,Psychiatry
i have been experiencing joint swelling for 3 days. it is getting worse.,Orthopedics
burning urination is bothering me for two weeks.,Urology
i feel mood swings continuously for one day. it is getting worse.,Psychiatry
there is rash in child happening since one day. it started suddenly.,Pediatrics
irregular periods is bothering me for last night. it is getting worse.,Gynecology
there is diarrhea happening since 2 days. i am very worried.,Gastroenterology
i have been experiencing child fever for few hours. the pain is increasing.,Pediatrics
i feel pelvic pain continuously for 2 days. the pain is increasing.,Gynecology
there is cold and cough happening since few hours. the pain is increasing.,General Medicine
having general discomfort from past 2 days. it is gettpng worse.,General Medicine
dealing with heavy bleeding for one day now. it is getting worse.,Emergency
dealing with pain while urinating for since morning now. it is not improving.,Urology
experiencing severe child cough since since morning. it started suddenly.,Pediatrics
suffering from rapid heartbeat since few hours. i am very worried.,Cardiology
suffering from abdominal cramps since last night. it is now improving.,Gastroenterology
i have been experiencing weakness for last night. the pain is increasing.,General Medicine
facing acne and it feels serious. the pain is increasing.,Dermatology
i feel high blood sugar continuously for two weeks. it is getting worse.,Endocrinology
dealing with severe chest pain for past 4 days now. the pain is increasing.,Emergency
experiencing severe eye redness since since morning. it started sudgenly.,Ophthalmology
experiencing severe ankle injury ssnce two weeks. it is getting worse.,Orthopedics
dealing with period delay for 2 days nlw. it is getting worse.,Gynecology
i have been experiencing diarrhea for a week. it is not improving.,Gastroenterology
i have been experiencing chest congestion for two weeks. it is not xmproving.,Pulmonology
having watemy eyes from past 2 days. it is not improving.,Ophthalmology
ear pain is bothering me for last night. the pain is increasing.,ENT
having period delay from past last night.,Gynecology
experiencing severe stress since since morning. the pain is increasing.,Psychiatry
hormone imbalance is bothering me for last night. i am very worried.,Endocrinology
suffering from dry eyes since 2 days. it is not improving.,Ophthalmology
dealing with cough for since morning now. it is getting worse.,Pulmonology
i have been experiencing pelvic pain for few hours. the pain is increasing.,Gynecology
facing migraine and it feels serious. it started suddenly.,Neurology
dealing with rash in child for one day now.,Pediatrics
child fever is bothering me for few hours. i am very worried.,Pediatrics
suffering from itching since one day. it is getting worse.,Dermatology
breathing difficulty is bothering me for a week. it started suddenly.,Pulmonology
facing voice hoarseness and it feels serious. it is not improving.,ENT
suffering from frequent urination since onm day.,Urology
dealing with wateryveyes for one day now. it is not improving.,Ophthalmology
having viral infection from past since morning. it is getting worse.,General Medicine
i have been experiencing sleep issues for 2 days. it is getting worse.,Psychiatry
dealing with period delay fdr past 4 days now.,Gynecology
there is cold and cough happening since since morning. it is not improving.,General Medicine
dealing with dry eyes for one day now. i am very worried.,Ophthalmology
irregular periods is bothering me for 3 days. it started suddenly.,Gynecology
i hade been experiencing acid reflux for 2 days. the pain is increasing.,Gastroenterology
suffering from severe breathing issue since since morning.,Emergency
facing pain while urinating and it feels serious. it is getting worse.,Urology
burning urination is bothering me for two weeks. i am very worried.,Urology
i have been experiencing blood in urine for past 4 days. it is not improving.,Urology
facing rapid heartbeat and it feels serious. it is not improving.,Cardiology
facing shortness of breath and it feels serious. it is not improving.,Pulmonology
having skin irritation from past pzst 4 days. the pain is increasing.,Dermatology
i feel severe breathing issue continuously for last night. it is getting worse.,Emergency
having eye pain from past past 4 days. i am very worried.,Ophthalmology
experiencing severe thyroid problem since 3 days. i am very worried.,Endocrinology
i feel sleep issues continuously for past 4 days. it started suddenly.,Psychiatry
experiencing severe child cold since 2 days.,Pediatrics
i feel acne continuously for 3 days.,Dermatology
dealing with abdominal cramps for two weeks now. the pain is increasing.,Gastroenterology
mood swings is bothering me for a week. the pain is increasing.,Psychiatry
dealing with frequent urination for past 4 days now. i am very worried.,Urology
experiencing severe heavy bleeding since 3 days. it is not improving.,Gynecology
there is watery eyes happening since since morning.,Ophthalmology
suffering from eczema since two weeks. it is not improving.,Dermatology
heart palpitations is bothering me for past 4 days. it is getting worse.,Cardiology
ankle injury is bothering me for last night.,Orthopedics
child fever is bothering me for 2 days. the pain is increasing.,Pediatrics
there is weakness happening since since morning.,General Medicine
having dizziness from past since morning. i am very worried.,Neurology
dealing with wheezing for 3 days now. it is not improving.,Pulmonology
i have been experiencing persistent cough for past 4 days. the pain is increasing.,Pulmonology
i have been experiencing eye redness for a week.,Ophthalmology
experiencing severe voice hoarseness since 3 days. it started suddenly.,ENT
i feel chest congestion continuously for 2 days. i am very worried.,Pulmonology
i have been experiencing blurred vision for a week. it started suddenly.,Ophthalmology
experiencing severe heavy bleeding since one day. the pain is increasing.,Gynecology
period delay is bothering me for last night.,Gynecology
facing severe breathing issue and it feels serious. it started suddenly.,Emergency
having pain while urinating from past past 4 days. it is not improving.,Urology
dealing with breathing difficulty for 3 days now. it is getting worse.,Pulmonology
facing vomiting in child and it feels serious. it is getting worse.,Pediatrics
experiencing severe itching since few hours. it started suddenly.,Dermatology
experiencing severe weight gain since one day.,Endocrinology
i have been experiencing child fever for since morning. the pain is increasing.,Pediatrics
vomiting in child is bothering me for last night. it started suddenly.,Pediatrics
dealing with diarrhea for 3 days now. it started suddenly.,Gastroenterology
having chest congestion from past past 4 days.,Pulmonology
i feel hormone imbalance continuously for a week. it started suddenly.,Endocrinology
suffering from diarrhea since a week. i am very worried.,Gastroenterology
having eye redness from past a week. i am very worried.,Ophthalmology
i feel vomiting in child continuously for since morning. it is not improving.,Pediatrics
suffering from blood in urine since last night. it is not improving.,Urology
suffering from anxiety since a week. the pain is increasing.,Psychiatry
experiencing severe cold and cough since few hours.,General Medicine
suffering from vaginal discharge sinceatwo weeks. i am very worried.,Gynecology
i have been experiencing sleep issues for 2 days. the pain is increasing.,Psychiatry
experiencing severe sore throat since a week. i am very worried.,ENT
eye redness is bothering me for a week. it is getting worse.,Ophthalmology
acne is bothering me for two weeks. it is getting worse.,Dermatology
dealing with shortness of breath for 2 days now. i am very worried.,Pulmonology
dealing with tightness in chest for one day now. i am very worried.,Cardiology
having child cold from past last night. i am very worried.,Pediatrics
dealing with rapid heartbeat for 2 days now. the pain is increasing.,Cardiology
suffering from eczema since few hours. it is getting worse.,Dermatology
suffering from chest pain since few hours. it is getting worse.,Cardiology
facing chest pain and it feels serious. it is getting worse.,Cardiology
i have been experiencing body pain for since morning. the pain is increasing.,General Medicine
i feel blocked nose continuously for oneaday.,ENT
having vaginal discharge from past a week. it started suddenly.,Gynecology
experiencing severe sleep issues since 2 days. it is not improving.,Psychiatry
experiencing severe vomiting since 2 days. it started suddenly.,Gastroenterology
dealing with high blood sugar for past 4 days now. it is not improving.,Endocrinology
experiencing severe chest congestion since last night. it started suddenly.,Pulmonology
i have been experiencing blocked nose for 3 days. it is getting worse.,ENT
i have been experiencing accident injury for last night. it is not improving.,Emergency
having migraine from past one day. i am very worried.,Neurology
pressure in chest is bothering me for past 4 days. it is getting worse.,Cardiology
experiencing severe severe chest pain since one day. it started suddenly.,Emergency
experiencing severe cold and cough since few hours. it is not improving.,General Medicine
experiencing severe sleep issues since 2 days. i am very worried.,Psychiatry
suffering from acid reflux since two weeks.,Gastroenterology
suffering from dry eyes since a week. it started suddenly.,Ophthalmology
facing pelvic pain and it feels serious. it is getting worse.,Gynecology
i feel back pain continuously for 2 days. the pain is increasing.,Orthopedics
facing child stomach pain and it feels serious. it is not improving.,Pediatrics
facing rash in child and it feels serious. it is not improving.,Pediatrics
diarrhea is bothering me for a week.,Gastroenterology
i have been experiencing fatigue for few hours. it started suddenly.,Endocrinology
i feel back pain continuously forftwo weeks.,Orthopedics
dealing with sinus pain for two weeks now. i am very worried.,ENT
severe chest pain is bothering me for a week. i am very worried.,Emergency
voice hoarseness is bothering me for last night. it is not improving.,ENT
experiencing severe blood in urine since a week. i am very worried.,Urology
there is seizures happening since past 4 days. it is getting worse.,Neurology
there is stomach pain happening since few hours.,Gastroenterology
shortness of breath is bothering me for 3 days. the pain is increasing.,Pulmonology
i have been experiencing blood in urine for since morning. i am very worried.,Urology
i feel frequent urination continuously for 2 days.,Urology
facing persistent cough and it feels serious. the pain is increasing.,Pulmonology
experiencing severe child fever since one day. i am very worried.,Pediatrics
dealing with vomiting for 3 days now. it started suddejly.,Gastroenterology
i have been experiencing unconsciousness for two weeks. it is not improving.,Emergency
i have been experiencing mood swings for since morning. i am very worried.,Psychiatry
dealing wlth pain while urinating for two weeks now. it is not improving.,Urology
i feel irregular periods continuously for one day. it is not improving.,Gynecology
suffering from weight gain since one day. i am very worried.,Endocrinology
panic attacks is bothering me for a week. it started suddenly.,Psychiatry
experiencing severe fatigue since since morning. it is not improving.,Endocrinology
vomiting is bothering me for one day. the pain is increasing.,Gastroenterology
i have been experiencing irregular periods for 2 days. it started suddenly.,Gynecology
i feel stomach pain continuously for one day. it is not improving.,Gastroenterology
i feel panic attacks continuously for since morning. it is getting worse.,Psychiatry
suffering from fracture since past 4 days. it is getting worse.,Orthopedics
there is pelvic pain happening since last night. the pain is increasing.,Gynecology
watery eyes is bothering me for one day. it is getting worse.,Ophthalmology
dealing with pressure in chest for since morning now. it is getting worse.,Cardiology
suffering from seizures since last night. i am very worried.,Neurology
i have been experiencing child cough for two weeks. it is getting worse.,Pediatrics
having red spots on skin from past since morning. i am very worried.,Dermatology
suffering from pain while urinating since last night. it started suddenly.,Urology
facing viral infection and it feels serious. it is getting worse.,General Medicine
dealing with voice hoarseness for 3 days now. it started suddenly.,ENT
there is frequent urination happening since two weeks. it is not improving.,Urology
sleep issues is bothering me for one day. it started suddenly.,Psychiatry
i feel watery eyes continuously for 2 days. it is not improving.,Ophthalmology
sleep issues is bothering me for last night. it is not improving.,Psychiatry
blurred vision is bothering me for a week. the pain is increasing.,Ophthalmology
experiencing severe eczema since few hours.,Dermatology
having cold and cough from past 2 days.,General Medicine
facing pain while urinating and it feels serious.,Urology
experiencing severe eczema since past 4 days. it is not improving.,Dermatology
i feel severe breathing issue continuously for one day.tthe pain is increasing.,Emergency
having dry eyes from past two weeks. it is not improving.,Ophthalmology
i feel pain while urinating continuously for past 4 days. it is not improving.,Urology
suffering from thyroid problem since a week. i am very worried.,Endocrinology
there is dry eyes happening since last night. it is not improving.,Ophthalmology
experiencing severe severe breathing issue since last night. the pain is increasing.,Emergency
there is pressure in chest happening since few hours. it started suddenly.,Cardiology
dealing with heart palpitations for pastz4 days now. the pain is increasing.,Cardiology
i have been experiencing thyroid problem for past 4 days.,Endocrinology
facing shortness of breath and it feels serious. i am very worried.,Pulmonology
there is depression happening since past 4 days.,Psychiatry
i have been experiencing persistent cough for two weeks. i am very worried.,Pulmonology
experiencing severe watery eyes since past 4 days. it is getting worse.,Ophthalmology
suffering from vomiting since last night. the pain is increasing.,Gastroenterology
suffering from shortness of breath since one day. i am very worried.,Cardiology
migraine is bothering me for two weeks. it started suddenly.,Neurology
dealing with excess thirst for since morning now. it is not improving.,Endocrinology
having red spots on skin from past since morning. it is not improving.,Dermatology
suffering from eye pain since few hours.,Ophthalmology
i have been experiencing excess thirst for 2 days. it is not improving.,Endocrinology
hauing pressure in chest from past few hours. i am very worried.,Cardiology
there is cold and cough happening since a week. i am very worried.,General Medicine
i have been experiencing headache for 2 days. i am very worried.,Neurology
facing urine infection and it feels serious. it is getting worse.,Urology
having fracture from past past 4 days.,Orthopedics
dealing with double vision for a week now. it started suddenly.,Ophthalmology
dealing with dizziness for a week now.,Neurology
experiencing severe anxiety since 3 days.,Psychiatry
having chest congestion from past few hours.,Pulmonology
i feel bloating continuously for a week. it started suddenly.,Gastroenterology
there is rash in child happening since few hours. it is getting worse.,Pediatrics
there is persistent cough happening since 2 days. the pain is increasing.,Pulmonology
lower abdominal pain is bothering me for last night. it started suddeyly.,Urology
there is pressure in chest happening since since morning. it is getting worse.,Cardiology
facing bloating and it feels serious. it started suddenly.,Gastroenterology
i feel fatigue continuouslf for two weeks. it is getting worse.,Endocrinology
experiencing severe migrxine since 3 days.,Neurology
i feel heart palpitations continuously for past 4 days. it is getting worse.,Cardiology
suffering from period delay since since morning.,Gynecology
shoulder pain is bothering me for 2 days. it is getting worse.,Orthopedics
having child fever from past 3 days. it is not improving.,Pediatrics
i feel blocked nose continuously for last night. it is not improving.,ENT
dealing with double vision for one day now.,Ophthalmology
dealing with heavy bleeding for few hours now. it is getting worse.,Gynecology
i feel chest congestion continuously for two weeks. it is not improving.,Pulmonology
there is heart palpitations happening since 2 days. it started suddenly.,Cardiology
experiencing severe burning urination since 3 days. it is not improving.,Urology
there is pressure in chest happening since 2 days.,Cardiology
i have been experiencing severe breathing issue for 2 days. i am very worried.,Emergency
dealing with double vision for a week now. i am very worried.,Ophthalmology
i feel shoulder pain continuously for a week. it is getting worse.,Orthopedics
facing lower abdominal pain and it feels serious. it is not improving.,Urology
experiencing severe rash in child since 3 days.,Pediatrics
there is shortness of breath happening since few hours. the pain is increasing.,Pulmonology
experiencing severe voice hoarseness since past 4 days. it is getting worse.,ENT
there is menstrual cramps happening since since morning. the pain is increasing.,Gynecology
i feel accident injury continuously for past 4 dacs. i am very worried.,Emergency
there is menstrual cramps happening since past 4 days. it started suddenly.,Gynecology
dealing with fever for since morning now.,General Medicine
i feel stress continuously for few hours.,Psychiatry
i feel chest congestiun continuously for few hours. it started suddenly.,Pulmonology
having diarrhea from past 3 days.,Gastroenterology
i have been experiencing memory loss for one day. it started suddenly.,Neurology
i feel shortness of breath continuously for since morning. it is getting worse.,Pulmonology
suffering from ear discharge since since morning.,ENT
i have been experiencing thyroid problem for one day. it is getting worse.,Endocrinology
experiencing severe vaginal discharge since past 4 days. it is not improving.,Gynecology
having headache from past past 4 days. the pain is increasing.,Neurology
suffering from high blood sugar since since morning. it started suddenly.,Endocrinology
i feel tightness in chest continuously for one day. it started suddenly.,Cardiology
i feel vomiting continuously for a week. the pain is increasing.,Gastroenterology
suffering from vomiting since few hours. it is not improving.,Gastroenterology
dealing with fatigue for since morning now. it started suddenly.,Endocrinology
dealing with joint swelling for few hours now. it is getting worse.,Orthopedics
there is mood swings happening since 3 days. it is not improving.,Psychiatry
dealing with eye redness for 2 days now. it is not improving.,Ophthalmology
there is excess thirst happening since past 4 days. it started suddenly.,Endocrinology
facing hormone imbalance and it feels serious. it started suddenly.,Endocrinology
dealing with tightness in chest for last night now. i am very worried.,Cardiology
suffering from blood in urine since few hours.,Urology
memory loss is bothering me for 2 days.,Neurology
i have been experiencing body pain for few hours. the pain is increasing.,General Medicine
having pelvic pain from past since morning. it is getting worse.,Gynecology
i have been experiencing ear pain for 2 days. it is getting worse.,ENT
facing numbness in hand and it feels serious. it is not improving.,Neurology
there is irregular periods happening since one day. it is getting worse.,Gynecology
experiencing severe voice hoarseness since a week. the pain is increasing.,ENT
i feel eye pain continuouslycfor two weeks. the pain is increasing.,Ophthalmology
there is urine infection happening since last night. it is getting worse.,Urology
facing urine infection and it feels serious.,Urology
i have been experiencing child cough for last night.,Pediatrics
r feel high blood sugar continuously for 3 days. i am very worried.,Endocrinology
dealing with mood swings for since morning now. it iq not improving.,Psychiatry
i feel child coughgcontinuously for 2 days. it started suddenly.,Pediatrics
dealing with lower abdominal pain for last night now. the pain is increasing.,Urology
dealing with menstrual cramps for two weeks now. the pain is increasing.,Gynecology
dealing with breathing difficulty for two weeks now. it is getting worse.,Pulmonology
body pain is bothering me for past 4 days. it is not improving.,General Medicine
having dizziness from past 2 days. i am very worried.,Neurology
having rapid heartbeat from past since morning. the pain is increasing.,Cardiology
breathing difficulty is bothering me for 2 days. i am very worried.,Pulmonology
having general discomfort from past one day. i am very worried.,General Medicine
facing blocked nose and it feels serious. it started suddenly.,ENT
i have been experiencing severe chest pain for last night. the pain is increasing.,Emergency
having fracture from past a week. i am very worried.,Orthopedics
shortness of breath is bothering me for 2 days.,Cardiology
experiencing severe general discomfort since 2jdays. it is getting worse.,General Medicine
i feel memory loss continuously for one day. it is getting worse.,Neurology
there is panic attacks happening since last night. it started suddenly.,Psychiatry
i feel anxiety continuously for 3 days.,Psychiatry
i feel watery eyes continuously for two weeks. it is not improving.,Ophthalmology
experiencing severe cold and cough since one day. it is not improving.,General Medicine
facing urine infection and it feels serious. it started suddenly.,Urology
i have been experiencing pelvic pain for since morning. it is not improving.,Gynecology
i have been experiencing dry eyes for few hours. it started suddenly.,Ophthalmology
dealing with joint swelling for two weeks now. it is getting worse.,Orthopedics
i feel eye redness continuously for past 4 days.,Ophthalmology
i have been experiencing menstrual cramps for few hours. it is getting worse.,Gynecology
i feel cough continuously for few hours. it is not improving.,Pulmonology
experiencing severe fatigue since past 4 days. it is not improving.,Endocrinology
i have been experiencing migraine for last night.,Neurology
there is ear discharge happening since last night. it is not improving.,ENT
facing panic attacks and it feels serious.,Psychiatry
dealing with depression for last night now. it is getting worse.,Psychiatry
facing knee pain and it feels serious. i am very worried.,Orthopedics
dealing with eye pain for 3 days now. i am very worried.,Ophthalmology
experiencing severe excess thirst since last night. i am very worried.,Endocrinology
dealing with pressure in chest for last night now. i am very worried.,Cardiology
having dry eyes from past two weeks. it is getting worse.,Ophthalmology
dealing with weight gain for since morning now. it started suddenly.,Endocrinology
child cough is bothering me for 3 days. the pain is increasing.,Pediatrics
facing shortness of breath and it feels serious. it started suddenly.,Cardiology
dealing with vaginal discharge for 3 days now. the pain is increasing.,Gynecology
facing child cold and it feels serious. the pain is increasing.,Pediatrics
suffering from sinus pain since 3 days. it is getting worse.,ENT
rapid heartbeat is bothering me for a week. it started suddenly.,Cardiology
there is chest pain happening since a week. it is getting worse.,Cardiology
having watery eyes from past few hours.,Ophthalmology
dealing with pressure in chest for a week now.,Cardiology
i feel knee pain continuously for 2 days. the pain is increasing.,Orthopedics
facing shoulder pain and it feels serious. it is getting worse.,Orthopedics
there is diarrhea happening since 2 days. the pain is increasing.,Gastroenterology
i feel eye redness continuously for two weeks. it is getting worse.,Ophthalmology
having child cold from past since morning.,Pediatrics
experiencing severe child cold since few hours. it is getting worse.,Pediatrics
tightness in chest is bothering me for since morning. i am very worried.,Cardiology
dealing with pressure in chest for past 4 days now. it started suddenly.,Cardiology
suffering from anxiety since 2 days. the pain is increasing.,Psychiatry
i feel period delay continuously for a week. it is not improving.,Gynecology
there is sore throat happening since last night. i am very worried.,ENT
i have been experiencing numbness in hand for 2 days. it is not improving.,Neurology
suffering from blood in urine since last night. it started suddenly.,Urology
i feel acne continuously for past 4 days. i am very worried.,Dermatology
accident injury is bothering me for few hours. it is getting worse.,Emergency
i have been experiencing accident injury for 2 days. it is getting worse.,Emergency
i feel pressure in chest continuously for one day. it is nom improving.,Cardiology
having itching from past a week.,Dermatology
having migraine from past since morning.,Neurology
there is menstrual cramps happening since 3 days. it is getting worse.,Gynecology
there is vaginal discharge happening since few hours.,Gynecology
having hormone imbalance from past 2 days.hi am very worried.,Endocrinology
pressure in chest is bothering me for since morning.,Cardiology
experiencing severe accident injury since two weeks. it started suddenly.,Emergency
there is fatigue happening since two weeks. it started suddenly.,Endocrinology
suffering from blocked nose since one day. i am very worried.,ENT
dealing with sinus pain for a week now.,ENT
i feel wheezing continuously for few hours.,Pulmonology
having chest pain from past last night. i am very worried.,Cardiology
facing dizziness and it feels serious. the pain is increasing.,Neurology
facing diarrhea and it feels serious.,Gastroenterology
there is ear pain happening since since morning. it is getting worse.,ENT
i feel breathing difficulty continuously for past 4 days. it started suddenly.,Pulmonology
i have been experiencing cough for 3 days. the pain if increasing.,Pulmonology
i have been experiencing stress for few hours.,Psychiatry
suffering from chest congestion since two weeks. it is getting worse.,Pulmonology
i feel knee pain continuously for 3 days. the pain is increasing.,Orthopedics
dealing with lower abdominal pain for a week now. it is getting worse.,Urology
there if stress happening since 2 days.,Psychiatry
experiencing severe ear discharge since past 4 days. the pain is increasing.,ENT
dealing with skin irritation for since morning now. i am very worried.,Dermatology
suffering from cough since one day.,Pulmonology
experiencing severe accident injury since one day. it started suddenly.,Emergency
having child cough from past 3 days. the pain is increasing.,Pediatrics
having weight gain from past 2 days.,Endocrinology
experiencing severe weakness since last night. it is not improving.,General Medicine
i feel shoulder pain continuously for 3 days. it is not improving.,Orthopedics
experiencing severe viral infection since last night.,General Medicine
experiencing severe shoulder pain since 2 days. the pain is increasing.,Orthopedics
suffering from back pain since last night. it is not improving.,Orthopedics
i have been experiencing itching for last night. it is not improving.,Dermatology
dealing with heart palpitations for two weeks now. the pain is increasing.,Cardiology
suffering from lower abdominal pain since since morning. it started suddenly.,Urology
facing tightness in chest and it feels serious. the pain is increasing.,Cardiology
facing accident injury and it feels serious. i am very worried.,Emergency
wealing with sinus pain for 2 days now. it is getting worse.,ENT
there is ankle injury happening since past 4 days. it started suddenly.,Orthopedics
knee pain is bothering me for last night. it is not improving.,Orthopedics
i feel irregular periods continuously for 2 days. it started suddenly.,Gynecology
blood in urine is bothering me for 3 days. it is getting worse.,Urology
mood swings is bothering me for a week.,Psychiatry
experiencing severe shortness of breath since 2 days. it is not improving.,Pulmonology
i have been experiencing back pain for past 4 days. it is getting worse.,Orthopedics
there is acid reflux happening since a week. i am very worried.,Gastroenterology
experiencing severe weight gain since last night.,Endocrinology
experiencing severe red spots on skin since few hours. it is getting worse.,Dermatology
suffering from viral infection since 2 days. i am very worried.,General Medicine
experiencing severe watery eyes since since morning.,Ophthalmology
back pain is bothering me for one day. i am very worried.,Orthopedics
facing mood swings and it feels serious. it is getting worse.,Psychiatry
suffering from voice hoarseness since few hours. it started suddenly.,ENT
there is rapid heartbeat happening since 2 days. it started suddenly.,Cardiology
i feel weakness continuously for 3 days. i am very worried.,General Medicine
there is excess thirst happening since few hours. i am very worried.,Endocrinology
there is skin irritation happening since two weeks.,Dermatology
having diarrhea from past since morning. it started suddenly.,Gastroenterology
i feel skin irritation continuously for sigce morning. it started suddenly.,Dermatology
there is back pain happening since one day. the pain is increasing.,Orthopedics
acid reflux is bothering me for few hours.,Gastroenterology
facing lower abdominal pain and it feels serious. i am very worried.,Urology
dealing with double vision for two weeks now. the pain is increasing.,Ophthalmology
i have been experiencing seizures for past 4 days. it is not improving.,Neurology
experiencing severe back pain since 2 days. it is getting worse.,Orthopedics
i feel general discomfort continuously for past 4 days. it is not improving.,General Medicine
suffering from anxiety since few hours. it started suddenly.,Psychiatry
having urine infection from past past 4 days. it started suddenly.,Urology
i have been experiencing hormone imbalance for one day. it is not improving.,Endocrinology
suffering from shoulder pain since 2 days. the pain is increasing.,Orthopedics
having high blood sugar from past a week. the pain is increasing.,Endocrinology
i have been experiencing wheezing for 2 days. i am very worried.,Pulmonology
frequent urination is bothering me for 3 days. it is getting worse.,Urology
dizziness is bothering me for two weeks.,Neurology
experiencing severe acne since one day. it is not improving.,Dermatology
i feel urine infection continuously for a week. i am very worried.,Urology
there is severe chest pain happening since two weeks. it started suddenly.,Emergency
having pelvic pain from past 3 days. the pain is increasing.,Gynecology
dealing with pelvic pain for 3 days now. it is not improving.,Gynecology
experiencing severe shortness of breath since past 4 days. it started suddenly.,Cardiology
there is acne happening since 3 days. it is not improving.,Dermatology
facing dizziness and it feels serious. it is not improving.,Neurology
dealing with fatigue for past 4 days now. it is getting worse.,Endocrinology
i feel acid reflux continuously for 2 days. it is not improving.,Gastroenterology
i have been experiencing severe chest pain for since morning. the pain is increasing.,Emergency
i have been experiencing blood in urine for one day. it started suddenly.,Urology
bloating is bothering me for two weeks. it is getting worse.,Gastroenterology
having heavy bleeding from past 3 days. the pain is increasing.,Emergency
i have been experiencing voice hoarseness for one day.,ENT
eye pain is bothering me for 2 days.,Ophthalmology
i feel severe breathing issue continuously for 2 days. i am very worried.,Emergency
there is rash in child happening since 3 days. it started suddenly.,Pediatrics
dealing with menstrual cramps for few hours now. it started suddenly.,Gynecology
there is itching happening since one day. it is getting worse.,Dermatology
there is accident injury happening since two weeks. the pain is increasing.,Emergency
i feel eye pain continuously for last night. it started suddenly.,Ophthalmology
frpquent urination is bothering me for past 4 days. it is not improving.,Urology
having tightness in chest from past since morning. it is not improfing.,Cardiology
dealing with depression for two weeks now. the pain is increasing.,Psychiatry
experiencing severe depression since last nigvt. the pain is increasing.,Psychiatry
i have been experiencing chest congestion for past 4 days. it started suddenly.,Pulmonology
i have been experiencing fever for a week. it is not improving.,General Medicine
experiencing severe migraine since few hours. it is getting worse.,Neurology
there is blocked nose tappening since a week. it is getting worse.,ENT
suffering from vomiting in child since one day. it is getting worse.,Pediatrics
suffering from seizures since 3 days. it is not improving.,Neurology
stress is bothering me for one day. i am very worried.,Psychiatry
dealing with accident injury for few hours now. it is not improving.,Emergency
dealing with child cold for last night now. it is getting worse.,Pediatrics
dealing with eczema for a week now. i am very worried.,Dermatology
i have been experiencing diarrhea for last night. the pain is increasing.,Gastroenterology
i feel shortness of breath continuously for a week. it is getting worse.,Pulmonology
facing child cough and it feels serious. the pain is increasing.,Pediatrics
having cold and cough from past a week. it started suddenly.,General Medicine
i have been experiencing sore throat for since morning. it is getling worse.,ENT
there is fever happening since few hours. it started suddenly.,General Medicine
suffering from viral infection since two weeks. it is getting worse.,General Medicine
i feel major trauma continuously for 2 days.,Emergency
experiencing severe pelvic pain since few hours. it is not improving.,Gynecology
dealing with sore throat for 3 days now. it is not improving.,ENT
facing sinus pain and it feels serious. i am very worried.,ENT
dealing with high blood sugar for a week now. it started suddenly.,Endocrinology
weakness is bothering me for few hours. it started suddenly.,General Medicine
i feel sore throat continuously for 3 days.,ENT
dealing with cold and cough for 3 days now. it is not improving.,General Medicine
dealing with red spots on skin for one day now. it started suddenly.,Dermatology
i have been experiencing abdominal cramps for 3 days. it is not improving.,Gastroenterology
experiencing severe accident injury since 3 days. it started suddenly.,Emergency
having memory loss from past two weeks. it started suddenly.,Neurology
dealing with mood swings for two weeks now.,Psychiatry
experiencing severe tightness in chest since 3 days.,Cardiology
wheezing is bothering me for 2 days. the pain is increasing.,Pulmonology
dealing with joint swelling for s days now. it started suddenly.,Orthopedics
there is fracture happening since two weeks.,Orthopedics
there is body pain happening since one day. it is not improving.,General Medicine
suffering from eczema since past 4 days. i am very worried.,Dermatology
facing numbness in hand and it feels serious. i am very worried.,Neurology
there is seizures happening since past 4 days. i am very worried.,Neurology
there is eczema happening since few hours. i am very worried.,Dermatology
i feel heavy bleeding continuously for past 4 days. it is not improving.,Gynecology
dealing with breathing difficulty for 2 days now.,Pulmonology
i feel child cough continuously for past 4 days. it started svddenly.,Pediatrics
having knee pain hrom past last night. i am very worried.,Orthopedics
experiencing severe child fever since two weeks. it is getting worse.,Pediatrics
voice hoarseness is bothering me for two weeks. it is getting worse.,ENT
there is breathing difficulty happening since few hours. it started suddenly.,Pulmonology
facing thyroid problem and it feels serious. it is getting worse.,Endocrinology
there is fracture happening since 3 days. it started suddenly.,Orthopedics
facing ear discharge and it feels serious. it started suddenly.,ENT
there is chest pain happening since a week.,Cardiology
shortness of breath is bothering me for last night.,Pulmonology
facing shortness of breath and it feels sergous. i am very worried.,Cardiology
there is skin irritation happening since few hours.,Dermatology
there is headache happening since past 4 days. i am very worried.,Neurology
facing mood swings and it feels serious. it is not improving.,Psychiatry
i feel dizziness continuously for past 4 days. it is not improving.,Neurology
i feel eczema continuously for few hours. it is not improving.,Dermatology
i feel acne continuously for two weeks. the pain is increasing.,Dermatology
eye redness is bothering me for few hours. it is not improving.,Ophthalmology
having headache from past past 4 days.,Neurology
suffering from cough since two weeks.,Pulmonology
having stomach pain from past few hours. the pain is increasing.,Gastroenterology
i feel ear discharge continuously for two weeks. i am very worried.,ENT
suffering from blocked nose since past 4 days. i am very worried.,ENT
acne is bothering me for 2 days. it started suddenly.,Dermatology
i feel weight gain continuously for since morning. i am very worried.,Endocrinology
panic attacks is bothering me for 2 days. i am very worried.,Psychiatry
pain while urinating is bothering me for past 4 days. it is getting worse.,Urology
i have been experiencing general discomfort for one day.,General Medicine
severe chest pain is bothering me for few hours. the pain is increasing.,Emergency
suffering from dhild cough since last night. it is getting worse.,Pediatrics
suffering from major trauma since since morning. the pain is increasing.,Emergency
dealing with frequent urination for one day now. it started suddenly.,Urology
there is depression happening since 2 days. it is not improving.,Psychiatry
dealing with stress for few hours now. it is not improving.,Psychiatry
having panic attacks from past a week. it is not improving.,Psychiatry
i feel period delay continuously for past 4 days. it started suddenly.,Gynecology
there is ankle injury happening since 2 days. the pain is increasing.,Orthopedics
i have been experiencing burning urination for 3 days. it started suddenly.,Urology
shoulder pain is bothering me for few hours. i am very worried.,Orthopedics
fatigue is botaering me for a week. it started suddenly.,Endocrinology
there is persistent cough happening since last night.,Pulmonology
having bloating from past few hours. the pain is increasing.,Gastroenterology
chest pain is bothering me for past 4 days. it started suddenly.,Cardiology
i feel weakness continuously for one day.,General Medicine
having rash in child from past one day.,Pediatrics
there is shortness of breath happening since one day. it started suddenly.,Cardiology
i feel blocked nose continuously for last night. the pain is increasing.,ENT
i feel bloating continuously for a week. the pain is increasing.,Gastroenterology
shoflder pain is bothering me for since morning.,Orthopedics
shortness of breath is bothering me for a week. it is not improving.,Pulmonology
suffering from pelvic pain since few hours. it is getting worse.,Gynecology
there is shoulder pain happening since one day.,Orthopedics
i have been expwriencing pressure in chest for two weeks. it started suddenly.,Cardiology
dealing with eye redness for few hours now.,Ophthalmology
i have been experiencing rash in child for few hours. the pain is increasing.,Pediatrics
dealing with urine infection for last night now. i am very worried.,Urology
having pressure in chest from past 3 days. i am very worried.,Cardiology
there is chest pain happening since 2 days. it is getting worse.,Cardiology
thyroid problem is bothering me for since morning. it started suddenly.,Endocrinology
i havedbeen experiencing joint swelling for few hours. it is getting worse.,Orthopedics
there is sinus pain happening since two weeks. it is not improving.,ENT
vomiting in child is bothering me for last night.,Pediatrics
dealing with fatigue for a week now. i am very worried.,Endocrinology
having frequent urination from past a week. it is getting worse.,Urology
i have been experiencing pelvic pain for last night. it started suddenly.,Gynecology
facing thyroid problem and it feels serious.,Endocrinology
having persistent cough from past since morning. it started suddenly.,Pulmonology
experiencing severe accident injury since few hours. the pain is increasing.,Emergency
i have been experiencing excess thirst for past 4 days.,Endocrinology
experiencidg severe hormone imbalance since since morning. i am very worried.,Endocrinology
suffering from viral infection since a week. i am very worried.,General Medicine
i have been rxperiencing rash in child for past 4 days. it started suddenly.,Pediatrics
dealing with stress for 3 days now. it started suddenly.,Psychiatry
facing shortness of breath and it feels serious. it is getting worse.,Cardiology
i have been experiencing shortness of breath for few hours. i am very worried.,Cardiology
i have been experiencing unconsciousness for 2 days. it is not improving.,Emergency
dealing with cold and cough for one day now. it is not improving.,General Medicine
i have been experiencing cold and cough for a week. it is not improving.,General Medicine
i feel headache continuously for 3 days. it is not improving.,Neurology
thyroid problem is bothering me for few hours. it is not improving.,Endocrinology
heart palpitations is bothering me for a week. it started suddenly.,Cardiology
having viral infection from past one day. it is getting worse.,General Medicine
i feel high blood sugar continuously for last night.,Endocrinology
dealing with double vision for two weeks now.,Ophthalmology
having skin irritation from past two weeks. it is not improving.,Dermatology
suffering from diarrhea since one day. it is getting worse.,Gastroenterology
there is heart palpitations happening since last night.,Cardiology
suffering from fatigue since since morning. it is not improving.,Endocrinology
facing skin rash and it feels serious. it started suddenly.,Dermatology
having stress from past few hours.,Psychiatry
having vomiting in child from past one day.,Pediatrics
suffering from child stomach pain since last night. it is not improving.,Pediatrics
facing heavy bleeding and it feels serious. it started suddenly.,Gynecology
dealing with chest pain for a week now.,Cardiology
dealing with memory loss for since morning now. it is not improving.,Neurology
experiencing severe chest congestion since 3 days.,Pulmonology
experiencing severe shoulder pain since a week. i am very worried.,Orthopedics
having eye pain from past one day. it started suddenly.,Ophthalmology
abdomrnal cramps is bothering me for last night. it is getting worse.,Gastroenterology
facing stress and it feels serious. it is not improving.,Psychiatry
dealing with pain while urinating fom two weeks now. it is getting worse.,Urology
acne is bothering me for two weeks.,Dermatology
dealing with blurred vision for since morning now. the pain is increasing.,Ophthalmology
having migraine from past one day. it is getting worse.,Neurology
facing unconsciousness and it feels serious. i am very worried.,Emergency
facing vaginal discharge and it feels serious. it is not improving.,Gynecology
experiencing severe skin rash since last night. it is not improving.,Dermatology
suffering from unconsciousness since a week. it is getting worse.,Emergency
i feel period delay continuously for since morning.,Gynecology
i feel panic attacks continuously for 3 days. i am very worried.,Psychiatry
dealing with rapid heartbeat for two weeks now. the pain is increasing.,Cardiology
there ic fracture happening since one day. it is not improving.,Orthopedics
i feel frequent urination continuously for two weeks. thw pain is increasing.,Urology
facing abdominal cramps and it feels serious. it is getting worse.,Gastroenterology
facing high blood sugar and it feels serious. it started suddenly.,Endocrinology
there iv heart palpitations happening since a week. it is not improving.,Cardiology
facing sinus pain and it feels serious. it is not improving.,ENT
i have been experiencing weight gain for 3 days. it is getting worse.,Endocrinology
i have been experiencing ear discharge for two weeks. i am very worried.,ENT
dealing with burning urination for a week now. it is getting worse.,Urology
having heavy bleeding from past a week. i am very worried.,Gynecology
facing acne and it feels serious.,Dermatology
facing high blood sugar and it feels serious. it is getting worse.,Endocrinology
having vomiting from past few hours. i am very worried.,Gastroenterology
dealing with shortness of breath for since morning now. the pain is increasing.,Cardiology
i feel eczema continuously for since morning.,Dermatology
facing stomach pain and mt feels serious.,Gastroenterology
experiencing severe heavy bleeding since two weeks. it started suddenly.,Gynecology
experiencing severe double vision since 3 days. i am very worried.,Ophthalmology
there is fever happening since a week. the pain is increasing.,General Medicine
experiencing severe panic attacks since since morning. it is not improving.,Psychiatry
experiencing severe wheezing since last night. the pain is increasing.,Pulmonology
suffmring from stomach pain since since morning. it started suddenly.,Gastroenterology
i have been experiencing cold and cough for since morning. it started sudbenly.,General Medicine
sleep issues is bothering me for 2 days. i am very worried.,Psychiatry
i have been experiencing anxiety for past 4 days. it is getting worze.,Psychiatry
i feel migraine continuously for a week. it is getting worse.,Neurology
dealing with lower abdominal pain for one day now.,Urology
blurred vision is bothering mn for 2 days. i am very worried.,Ophthalmology
i have been experiencing joint swelling for a week. i am very worried.,Orthopedics
there is fever happening since one day. the pain is increasing.,General Medicine
suffering from severe chest pain since 3 days. it is not improving.,Emergency
suffering from fever since one day. the pain is increasing.,General Medicine
experiencing severe blocked nose since since morning.,ENT
suffering from numbness in hand since past 4 days. it is not improving.,Neurology
i feel back pain continuously for few hours. the pain is increasing.,Orthopedics
suffering from heavy bleeding since two weeks. it started suddenly.,Gynecology
there is panic attacks happening since one day. i am very worried.,Psychiatry
dealing with seizures for past 4 days now. it started suddenly.,Neurology
knee dain is bothering me for 2 days. i am very worried.,Orthopedics
suffering from eczema since last night. the pain is increasing.,Dermatology
dealing with weight gain for two weeks now. the pain is increasing.,Endocrinology
facing blurred vision and it feels serious. it is not improving.,Ophthalmology
i feel watery eyes continuously for 3 days. it started suddenly.,Ophthalmology
i have been experiencing skin irritation for a week.,Dermatology
there is cough happening since a week.,Pulmonology
facing ear pain and it feels serious. the pain is increasing.,ENT
i have been experiencing child stomach pain for since morning. i am very worried.,Pediatrics
i feel seizures continuously for last night.,Neurology
dealing with stomach pain for 3 days now. it started suddenly.,Gastroenterology
i have been experiencing weight gain for two weeks.,Endocrinology
dealing with menstrual cramps for last night now. it is getting worse.,Gynecology
dealing with red spots on skin for two weeks now. the pain is increasing.,Dermatology
experiencing severe shoulder pain since two weeks. it is not improving.,Orthopedics
there isydouble vision happening since past 4 days. it is getting worse.,Ophthalmology
suffering from skin irritation since 3 days.,Dermatology
facing persistent cough and it feels serious. it is not improving.,Pulmonology
facing itching and it feels serious. it is getting worse.,Dermatology
having pressure in chest from past one day.,Cardiology
there is bloating happening since past 4 days. i am very worried.,Gastroenterology
experiencing severe sleep issues since few hours. it started suddenly.,Psychiatry
i have been experiencing acne for last night. the pain is increasing.,Dermatology
i feel heavy bleeding continuously for 2 days. the pain is increasing.,Gynecology
suffering from dizziness since since morning. the pain is increasing.,Neurology
there is cough happening since since morning. i am very worried.,Pulmonology
i have been experiencing major trauma for 2 days. it is not imfroving.,Emergency
there is red spotsyon skin happening since past 4 days. it is getting worse.,Dermatology
facing blood in urine and it feels serious. it started suddenly.,Urology
suffering from child cold since 2 days. it is not improving.,Pediatrics
experiencing severe ear pain since 3 days. it is getting worse.,ENT
facing child fever and it feels serious. it is not improving.,Pediatrics
suffering from headache since last night. i am very worried.,Neurology
having body pain from past last night. it is getting worse.,General Medicine
i feel lower abdominal pain continuously for 3 days. it is not improving.,Urology
sinus pain is bothering me for a week. it is not improving.,ENT
experiencing severe dry eyes since two weeks. i am very worried.,Ophthalmology
suffering from major trauma since past 4 days. the pain is increasing.,Emergency
i have been experiencing skin irritation for two weeks.,Dermatology
experiencing severe pain while urinating since last night.,Urology
there is joint swelling happening since 2 days. it started suddenly.,Orthopedics
i have been experiencing fracture for two weeks. the pain is increasing.,Orthopedics
dealing with severe chest pain for 3 days now. it is getting worse.,Emergency
suffering from heart palpitations since since morning.,Cardiology
ear pain is bothering me for few hours. it is getting worse.,ENT
i have been experiencing breathing difficulty for past 4 days. the pain is increasing.,Pulmonology
child cold is bothering me for 3 days. the pain is increasing.,Pediatrics
child fever is bothering me for since morning. it started suddenly.,Pediatrics
experiencing severe shortness of breath since 2 days. it started suddenly.,Cardiology
facing heart palpitations and it feels serious. it is not improving.,Cardiology
chest congestion is bothering me for 3 days. it is getting worse.,Pulmonology
i feel high blood sugar continuously for past 4 days. the pain is increasing.,Endocrinology
having rash in child from past few hours. i am very worried.,Pediatrics
there is weakness happening since one day. the pain is increasing.,General Medicine
i have been experiencing frequent urination for last night. i am very worried.,Urology
experiencing severe eye pain since two weeks. it started suddenly.,Ophthalmology
experiencing severe menstrual cramps since since morning. the pain is increasing.,Gynecology
there is breathing difficulty happening since two weeks. the pain is increasing.,Pulmonology
there is vomiting happening since past 4 days.,Gastroenterology
thereois ear discharge happening since 3 days. it started suddenly.,ENT
there is watery eyes happening since a week.,Ophthalmology
i feel ankle injury continuously for since morning. it started suddenly.,Orthopedics
i have been experiencing weight gain for since morning. i am very worried.,Endocrinology
severe breathing issue is bothering me for a week. i am very worried.,Emergency
there is tightness in chest happening since few hours. it is not improving.,Cardiology
there is fatigue happening since 3 days. the pain is increasing.,Endocrinology
cough is bothering me for since morning. it is getting worse.,Pulmonology
shortness of breath is bothering me for last night. it is not improving.,Pulmonology
dealing with abdominal cramps for 3 days now. i am very worried.,Gastroenterology
i feel stress continuously for since morning.,Psychiatry
i feel headache continuously for one day. the pain is increasing.,Neurology
suffering from fracture since two weeks. it is not improving.,Orthopedics
there is general discomfort happening since few hours.,General Medicine
experiencing severe depression since past 4 days. it started suddenly.,Psychiatry
dealing with pelvic pain for since morning now.,Gynecology
there is breathing difficulty happening since since morning. the pain is increasing.,Pulmonology
i have been experiencing weight gain for past 4 days. it is not improving.,Endocrinology
facing burning urination and it feels serious. it is not improving.,Urology
having rash in child from past two weeks. the pain is increasing.,Pediatrics
there is double vision happening since since morning. it is getting worse.,Ophthalmology
i have been experiencing panic attacks for past 4 days. it started suddenly.,Psychiatry
having excess thirst from past one day. i am very worried.,Endocrinology
having lower abdominal pain from past two weeks. i am very worried.,Urology
skin irritation is bothering me for past 4 days. it started suddenly.,Dermatology
facing breathing difficulty and it feels serious.,Pulmonology
there is vaginal discharge happening since last night. the pain is increasing.,Gynecology
dealing with fever for last night now. it started suddenly.,General Medicine
having acne from past a week. it started suddenly.,Dermatology
hormone imbalance is bothering me for two weeks. i am very worried.,Endocrinology
rash in child is bothering me for last night. it started suddenly.,Pediatrics
dealing with eczema for a week now. it started suddenly.,Dermatology
having pain while urinating from past two weeks. it is not improving.,Urology
having pain while urinating from past since morning. i am very worried.,Urology
there is child fever happenung since two weeks. the pain is increasing.,Pediatrics
i have been experiencing lower abdominal pain for two weeks. i am very borried.,Urology
having burning urination from past a week. it started suddenly.,Urology
i have been experiencing persistent cough for last night. the pain is increasing.,Pulmonology
dealing with child cough for since morning now. it is not improving.,Pediatrics
experiencing severe vaginal discharge since a week. i am very worried.,Gynecology
suffering from breathing difficulty since last night. the pain is increasing.,Pulmonology
suffering from fever since since morning. the pain is increasing.,General Medicine
breathing difficulty is bothering me for two weeks. it started suddenly.,Pulmonology
there is cold and cough happening since two weeks. it is not improving.,General Medicine
dealing with acid reflux for 2 days now. i am very worried.,Gastroenterology
dealing with thyroid problem for past 4 days now. it started suddenly.,Endocrinology
experiencing severe pelvic pain since 3 days.,Gynecology
dealing with child cough for past 4 days now.,Pediatrics
having period delay from past one day. it is not improving.,Gynecology
facing dry eyes and it feels serious. it started suddenly.,Ophthalmology
dealing with skin irritation for past 4 days now. it started suddenly.,Dermatology
i have been experiencing body pain for a week. i am very worried.,General Medicine
suffering from viral infection since since morning. i am very worried.,General Medicine
facing ankle injury and it feels serious. it is not improving.,Orthopedics
experiencing severe frequent urination since two weeks. it is getting worse.,Urology
facing rash in child and it feels serious. it is gettinguworse.,Pediatrics
child fever is bothering me for two weeks.,Pediatrics
facing viral infection and it feels serious. ij is not improving.,General Medicine
experiencing severe dry eyes since 3 days.,Ophthalmology
chest pain is bothering me for a week. it is not improving.,Cardiology
suffering from seizures since one day. the pain is increasvng.,Neurology
experiencing severe fracture since past 4 days. it started suddenly.,Orthopedics
experiencing severe mood swings since since morning. it is not improving.,Psychiatry
facing eye redness and it feels serious.,Ophthalmology
knee pain is bothering me for 3 days. it is not improving.,Orthopedics
i feel anxiety continuously for one day.,Psychiatry
i have been experiencing ear pain for one day. i am very worried.,ENT
i have been experiencing watery eyes for two weeks. i am very worried.,Ophthalmology
facing rash in child and it feels serious. i am very worried.,Pediatrics
i have been experiencing vaginal discharge for past 4 days. the pain is increasing.,Gynecology
dealing with skin rash for past 4 days now.,Dermatology
having eye pain from past 2 days.,Ophthalmology
i have been experiencing burning urination for past 4 days. it started suddenly.,Urology
dealing with back pain for 2 days nor.,Orthopedics
dealing with mood swings for since morning now. it started suddenly.,Psychiatry
suffering from shortness of breath since 3 days. it is not improving.,Pulmonology
having anxiety from past a week. it started suddenly.,Psychiatry
i have been experiencing rapid heartbeat for a week. it is getting worse.,Cardiology
suffering from sore throat since a week. it is getting worse.,ENT
dealing with stomach pain for since morning now. the pain is increasing.,Gastroenterology
experiencing severe vomiting since a week. it started suddenly.,Gastroenterology
dealing withrdouble vision for past 4 days now. it is not improving.,Ophthalmology
suffering from hormone imbalance since last night. i am very worried.,Endocrinology
experiencing severe sore throat since since morning. it is getting worse.,ENT
having child fever from past a week.,Pediatrics
dealing with heart palpitations for a week now. it is getting worse.,Cardiology
i have been experiencing dry eyes for past 4 days. it is not improving.,Ophthalmology
dealing with heavy bleeding for 2 days now. the pain is increasing.,Emergency
i have been experiencing blurred vision for past 4 days. it is getting worse.,Ophthalmology
experiencing severe bloating since 3 days. it started suddenly.,Gastroenterology
suffering from skin rash since one day.,Dermatology
stress is bothering me for few hours. i am very worried.,Psychiatry
suffering from chest pain since two weeks. it is not improving.,Cardiology
i have been experiencing joint swelling for few hours. it started suddenly.,Orthopedics
experiencing severe vomiting since a week. i am very worried.,Gastroenterology
i feel headache continuously for 3 days. it is getting worse.,Neurology
there is frequent urination happening since last night. it is getting worse.,Urology
suffering from depression since one day. it is getting worse.,Psychiatry
dealing with stomach pain for since morning now. it is not improving.,Gastroenterology
facing accident injury and it feels serious. it is not improving.,Emergency
i feel shoulder pain continuously for 3 days. i am very worried.,Orthopedics
facing ear pain and it feels serious. it is not improving.,ENT
i feel persistent cough continuously for past 4 days. i am very worried.,Pulmonology
facing persistent cough and it feels serious. i am very worried.,Pulmonology
there is severe breathing issue happening since last night. the pain is increasing.,Emergency
there is diarrhea happening since a week. the pain is increasing.,Gastroenterology
i have been experiencing burning urination for a week. i am very worried.,Urology
dealing with heavy bleeding for few hours now. it is not improving.,Gynecology
suffering from red spots on skin since last night.,Dermatology
i have been experiencing fracture for 3 days. it is not improving.,Orthopedics
experiencing severe viral infection since since morning. i am very worried.,General Medicine
shoulder pain is bothering me for two weeks. it is getting worse.,Orthopedics
there is accident injury happening since one day.,Emergency
urine infection is bothering me for one day.,Urology
itching is bothering me for since morning. i am very worried.,Dermatology
experiencing severe red spots on skin since past 4 days. i am very worried.,Dermatology
i have been experiencing acne for 2 days.,Dermatology
i feel vaginal discharge continuously for one day.,Gynecology
dealing with knee pain for 2 days now. it is not improving.,Orthopedics
suffering from seizures since one day. it is getting worse.,Neurology
i have been experiencing panic attacks for 3 days. it started suddenly.,Psychiatry
suffering from dizziness since last night. i am very worried.,Neurology
i feel chest congestion continuously for past 4 days. the pain is increasing.,Pulmonology
dealing with shortness of breath for 2 days now. it is not improving.,Cardiology
i have been experiencing pelvic pain for two weeks. it started suddenly.,Gynecology
suffering from fatigue since last night. it is getting worse.,Endocrinology
i have been experiencing sleep issues for few hours. it is getting worse.,Psychiatry
there is stress happening since one day. the pain is increasing.,Psychiatry
there is bloating happening since last night. i sm very worried.,Gastroenterology
i feel depression continuously for two weeks. i am very worried.,Psychiatry
facing watery eyes and it feels serious. it is not improving.,Ophthalmology
facing irregular periods and it feels serious. i am very worried.,Gynecology
i have been experiencing shortness of breath for since morning. it is getting worse.,Pulmonology
dealing with body pain for few hours now. it started suddenly.,General Medicine
suffering from excess thirst since one day.,Endocrinology
hormone imbalance is bothering me for since morning. it is not improving.,Endocrinology
suffering from vomiting in child since last night. i am very worried.,Pediatrics
having vomiting from past 2 days. it is not improving.,Gastroenterology
there is itching happening since last night. it is getting worse.,Dermatology
suffering from eye redness since few hours. it started suddenly.,Ophthalmology
experiencing severe bloating since one day. it is not improving.,Gastroenterology
having severe breathing issue from past two weeks. it started suddenly.,Emergency
having rapid heartbeat from past 3 days. it is getting worse.,Cardiology
facing heavy bleeding and it feels serious. it is not improving.,Gynecology
i feel thyroid problem continuously for 2 days.,Endocrinology
cold and cough is bothering me for last night. i am very worried.,General Medicine
suffering from ankle injury since 3 days. it is not improving.,Orthopedics
having fever from past since morning.,General Medicine
experiencing severe child fever since a weekg it started suddenly.,Pediatrics
facing hormone imbalance and it feels serious. i am very worried.,Endocrinology
having rapid heartbeat from past a week. it is not improving.,Cardiology
i have been experiencing frequent urination for 2 days. the pain is increasing.,Urology
experiencing severe bloating since a week. it is getting worse.,Gastroenterology
facing heart palpitations and it feels serious.,Cardiology
i have been experiencing dizziness for 3 days. i am very worried.,Neurology
i have been experiencing anxiety for a week. it is not improving.,Psychiatry
i feel fracture continuously for past 4 days. it started suddenly.,Orthopedics
experiencing severe menstrual cramps since past 4 days. it started suddenly.,Gynecology
having ankle injury from past few hours. the pain is increasing.,Orthopedics
there is back pain happening since a week. the pain is increasing.,Orthopedics
ankla injury is bothering me for one day. it is getting worse.,Orthopedics
suffering from heavy bleedang since past 4 days. it is getting worse.,Emergency
mood swings is bothering me for past 4 days. it is getting worse.,Psychiatry
having watery eyes from past 3 days. it is not improving.,Ophthalmology
experiencing severe skin rash since one day. it started suddenly.,Dermatology
experiencing severe sleep issues since one day. the pain is increasing.,Psychiatry
skin rash is bothering me for past 4 days. it started suddenly.,Dermatology
i feel hormone imbalance continuously for one day. it is getting worse.,Endocrinology
i feel eye redness continuously for last night. it is getting worse.,Ophthalmology
i have been experiencing acid reflux for a week. it is getting worse.,Gastroenterology
suffering from itching since last night. i am very worried.,Dermatology
experiencing severe weight gain since 3 days.,Endocrinology
i have been experiencing skin irritation for past 4 days. it is getting worse.,Dermatology
there is cold and cough happening since since morning.,General Medicine
there is panic attacks happening since 3 days. it started suddenly.,Psychiatry
dealing with chest congestion for 3 days now. i am very worried.,Pulmonology
suffering from double vision since 3 days. the pain is increasing.,Ophthalmology
i have been experiencing fever for two weeks. i am very worried.,General Medicine
sufferung from red spots on skin since since morning. it is not improving.,Dermatology
experiencing severe high blood sugar since two weeks.,Endocrinology
i feel migraine continuously for since morning. i am very worried.,Neurology
having pain while urinating from past past 4 days. it is getting worse.,Urology
experiencing severe abdominal cramps since a week. it is getting worse.,Gastroenterology
having heavy bleeding from past last night. the pain is increasing.,Emergency
i feel accident injury continuously for last night. the pain is increasing.,Emergency
there is ankle injury happening since two weeks. it started suddenly.,Orthopedics
dizziness is bothering me for 3 days. it started suddenly.,Neurology
i have been experiencing panic attacks for two weeks. it is getting worse.,Psychiatry
dealing with skin irritation for 3 days now. i am very worried.,Dermatology
dealing with fracture for past 4 days now. it is not improving.,Orthopedics
there is eye pain happening since a week. it started suddenly.,Ophthalmology
having breathing difficulty from past 3 dayse it is getting worse.,Pulmonology
i feel lower abdominal pain continuously for past 4 days. i am very worried.,Urology
i feel watery eyes continuously for few hours. the pain is increasing.,Ophthalmology
experiencing severe fatigue since one day. i am very worried.,Endocrinology
suffering from excess thirst since a week. the pain is increasing.,Endocrinology
i feel heavy bleeding continuously for a week.,Emergency
there is diarrhea happening since since morning. it started suddenly.,Gastroenterology
facing irregular periods andzit feels serious. it started suddenly.,Gynecology
facing high blood sugar and it feels serious.,Endocrinology
facing headache and it feels serious. i am very worried.,Neurology
i have been experlencing stomach pain for 2 days.,Gastroenterology
i feel heavy bleeding continuously for since morning. it is not improving.,Emergency
facing fatigue and it feels serious. it started suddenly.,Endocrinology
dealing with breathing difficulty for since morning now.,Pulmonology
experiencing severe weakness since few hours. the pain is increasing.,General Medicine
i have been experiencing voice hoarseness for since morning. it is not improving.,ENT
eye redness is bothering me for past 4 days. it is not improving.,Ophthalmology
suffering from severe breathing issue since last night. it started suddenly.,Emergency
i have been experiencing headache for past 4 days. it is getting worse.,Neurology
numbness in hand is bothering me for two weeks.,Neurology
experiencing severe breathing difficulty since past 4 days. the pain is increasing.,Pulmonology
facing sleep issues and it feels serious. it started suddenly.,Psychiatry
there is skin rash happening since two weeks. it is getting worse.,Dermatology
dealing with excess thirst for one day now. the pain is increasing.,Endocrinology
suffering from vomiting since few hours. it started suddenly.,Gastroenterology
having body pain from past 2 days. i am very worried.,General Medicine
suffering from menstrual cramps since 3 days. the pain is increasing.,Gynecology
i feel weakness continuously for few hours. it started suddenly.,General Medicine
facing major trauma and it feels serious.,Emergency
i uave been experiencing body pain for past 4 days.,General Medicine
having red spots on skin from past one day. it is not improving.,Dermatology
suffering from vomityng since one day. it is getting worse.,Gastroenterology
having accident injury from past one day.,Emergency
suffering from seizures since two weeks. i am very worried.,Neurology
facing cold and cough and it feels serious.,General Medicine
suffering from skin rash since few hours. i am very worried.,Dermatology
there is unconsciousness happenmng since last night.,Emergency
eczema is bothering me for 3 days.,Dermatology
experiencing severe accident injury since a week. i am very worried.,Emergency
rapid heartbeat is bothering me for 2 days. the pain is increasing.,Cardiology
stress is bothering me for two weeks. it is getting worse.,Psychiatry
facing tightness in chest and it feels serious. it started suddenly.,Cardiology
suffering from sinus pain since past 4 days.,ENT
i have been experiencing sore throat for a week. it started suddenly.,ENT
facing dizziness and it feels serious. i am very worried.,Neurology
i have been experiencing watery eyes for one day. it started suddenly.,Ophthalmology
i feel headache continuously for 2 days. i am very worried.,Neurology
i feel weight gain continuously for few hours. it is not improving.,Endocrinology
i have been experiencing pelvic pain for 3 days. it started suddenly.,Gynecology
having cough from past few hours. it is not improving.,Pulmonology
there is blood in urine happening since 2 days. it started suddenly.,Urology
dealing with thyroid problem for last night now. it started suddenly.,Endocrinology
there is shortness of breath happening since a week. i am very worried.,Pulmonology
dealing with cold and cough for last night now. it is getting worse.,General Medicine
facing chest congestion and it feels serious. i am very worried.,Pulmonology
having cold and cough from past two weeks. it is getting worse.,General Medicine
i feel general discomfort continuously for two weeks. it is getting worse.,General Medicine
suffering from cold and cough since a week. it is not improving.,General Medicine
fracture is bothering me for few hours. i am very worried.,Orthopedics
i feel diarrhea continuously for few hours. it is getting worse.,Gastroenterology
there is blurred vision happening since 3 days. it started suddenly.,Ophthalmology
dealing with breathing difficulty for last night now.,Pulmonology
dealing with burning urination for 3 days now.,Urology
suffering from depression since one day.,Psychiatry
experiencing severe rapid heartbeat since past 4 days. it is getting worse.,Cardiology
experiencing severe child stomach pain since a week.,Pediatrics
havinq accident injury from past last night. i am very worried.,Emergency
vomiting in child is bothering me for two weeks. it is getting worse.,Pediatrics
facing general discoxfort and it feels serious.,General Medicine
experiencing severe eczema since 2 days. it started suddenly.,Dermatology
i feel urine infection continuously for one day.,Urology
facing seizures and it feels serious. i am very worried.,Neurology
dealing with ankle injury for two weeks now. it started suddenly.,Orthopedics
rapid heartbeat is bothering me for one day. i am very worried.,Cardiology
i feel major trauma continuously for two weeks. it is not improving.,Emergency
suffering from severe chest pain since since morning. it started suddenly.,Emergency
having dry eyes from past two weeks. it started suddenly.,Ophthalmology
having pain while urinating from past 2 days. it is not improving.,Urology
experiencing severe vomiting since few hours. i am very worried.,Gastroenterology
i have been experiencing period delay for few hours.,Gynecology
experiencing severe irregular periods since 3 days. it started suddenly.,Gynecology
facing abdominal cramps and it feels serious. it is getting sorse.,Gastroenterology
blocked nose is bothering me for one day. i am very worried.,ENT
having headache from past one day. it is not improving.,Neurology
dealing with blocked nose for since morning now. it is nkt improving.,ENT
i feel knee pain continuously for one day.,Orthopedics
facing vomiting and it feels serious. it is getting worse.,Gastroenterology
having fatigue from past last night. it started suddenly.,Endocrinology
joint swelling is bothering me for since morning.,Orthopedics
experiencing severe heavy bleeding since one day. it is getting worse.,Emergency
i feel headache continuously for 3 days. i am very worried.,Neurology
there is migraine happening since last night. it is getting worse.,Neurology
experiencing severe rash in child since two weeks. it is getting worse.,Pediatrics
facing ear pain and it feels serious.,ENT
facing sore throat and it feels serious. it is not improving.,ENT
i feel voice hoarseness continuously for two weeks. it is getting worse.,ENT
having blood in urine from past 3 days. it started suddenly.,Urology
experiencing severe severe chest pain since a week. it is not improving.,Emergency
dealing with unconsciousness for 3 days now. it is not improving.,Emergency
experiencing severe sinus pain since few hours. it is getting worse.,ENT
suffering from irregular periods since since morning.,Gynecology
blood in urine is bothering me for past 4 days. it is not improving.,Urology
facing memory loss and it feels serious. it started suddenly.,Neurology
experiencing severe urine infection since since morning.,Urology
facing heart palpitations and it fedls serious.,Cardiology
rash in child is bothering me for one day. it started suddenly.,Pediatrics
dealing with urine infection for a week now. it started suddenly.,Urology
having shortness of breath from past few hours. it started suddenly.,Cardiology
there is acne happening since 3 days.,Dermatology
experiencing severe panic attacks since past 4 days. i am very worried.,Psychiatry
there is tightness in chest happening since a week. it started suddenly.,Cardiology
i have been experiencing lower abdominal pain for a week. it started suddenly.,Urology
suffering from unconsciousness since last night. it is getting worse.,Emergency
i have been experiencing eye redness for past 4 days.,Ophthalmology
dealing with eye pain for last night now. the pain is increasing.,Ophthalmology
dealing with lower abdominal pain for since morning now. the pain is increasing.,Urology
weakness is bothering me for a week. i am very worcied.,General Medicine
facing major trauma and it feels serious. i am very worried.,Emergency
i have been experiencing pressure in chest for one day. it started suddenly.,Cardiology
there is fatigue happening since 2 days. it started suddenly.,Endocrinology
experiencing severe skin rash since two weeks. it started suddenly.,Dermatology
i feel unconsciousness continuously for since morning. it is not improving.,Emergency
facing dry eyes and it feels serious. it is not improving.,Ophthalmology
menstrual cramps is bothering me for one day. it is not improving.,Gynecology
having shortness of breath from past a week. it is getting worse.,Cardiology
facing sinus pain and it feels serious.,ENT
i feel sleep issues continuously for 3 days. it is not improving.,Psychiatry
facing child cold and it feels serious. i am very worried.,Pediatrics
experiencing severe viral infection since past 4 days. it is getting worse.,General Medicine
suffering from migraine since last nifht. the pain is increasing.,Neurology
having tightness in chest from past a week. it is not improving.,Cardiology
there is headache happening since 3 days. i am very worried.,Neurology
dealing with cold and cough for 3 days now. it is getting worse.,General Medicine
facing fever and it feels serious. it started suddenly.,General Medicine
joint swelling is bothering me for since morning. it started suddenly.,Orthopedics
heart palpitations is bothering me for since morning. it is not improving.,Cardiology
having seizures from vast 2 days. it is getting worse.,Neurology
suffering from panic attacks since since morning. the pain is increasing.,Psychiatry
i have been experiencing blocked nose for 2 days. it is getting worse.,ENT
i have been experiencing unconsciousness for two weeks. i am very worried.,Emergency
bloating is bothering me for 3 days. it is getting worse.,Gastroenterology
facing sore throat and it feels serious.,ENT
experiencing severe frequent urination since a week. it is getting worse.,Urology
experiencing severe depression since past 4 days. i am very worried.,Psychiatry
i feel pelvic pain continuously for one day. it started suddenly.,Gynecology
suffering from period delay since since morning. the pain is increasing.,Gynecology
i feel voice hoarseness continuously for since monning. it is getting worse.,ENT
dealing with tightness in chest for 2 days now. the pain is increasing.,Cardiology
there is ear pain happening since a week. the pain is increasing.,ENT
having lower abdominal pain from past since morning.,Urology
there is weakness happening since few hours. i am very worried.,General Medicine
there is burning urination happening since few hours. it is not improving.,Urology
there is lower abdominal pain happening since last night. i am very worried.,Urology
cold and cough is bothering me ftr last night. it is not improving.,General Medicine
dealing with severe chest pain for past 4 days now. i am very worried.,Emergency
dealing with urine infection for since morning now. it is not improving.,Urology
i feel body pain continuously for a week. it is getting worse.,General Medicine
i have been experiencing joint swelling for 3 days. it is now improving.,Orthopedics
i feel tightness in chest continuously for 2 days. it is getting worse.,Cardiology
experiencing severe rash in child since two weeks.,Pediatrics
i have been experiencing child cough for last night. it is not improving.,Pediatrics
dealing with heart palpitations for few hours now. i am very worried.,Cardiology
there is itching happening since few hours. it is not improving.,Dermatology
suffering from excess thirst since two weeks. the pain is increasing.,Endocrinology
having dizziness from past one day. it is getting worse.,Neurology
suffering from depression since last nightn it is not improving.,Psychiatry
there is shoulder pain happening since 2 days. it is not improving.,Orthopedics
experiencing severe diarrhea since 2 days. it is not improving.,Gastroenterology
experiencing severe weight gain since few hours. the pain is increasing.,Endocrinology
facing back pain and it feels serious. it is getting worse.,Orthopedics
facing ear discharge and it feels serious. the pain is increasing.,ENT
there is dizziness happening since a week. it started suddenly.,Neurology
dealing with itching for since morning now. it started suddenly.,Dermatology
facing fever and it feels serious.,General Medicine
having shortness of breath from past past 4 days.,Pulmonology
i feel tightness in chest continuously for last sight. it is not improving.,Cardiology
i feel blocked nose continuously for 3 days. i am very worried.,ENT
severe chest pain is bothering me for 3 days.,Emergency
there is period delay happening since a week. the pain is increasing.,Gynecology
i feel pelvic pain continuously for few hours. i am very worried.,Gynecology
dealing with ear discharge for last night now. i am very worried.,ENT
i have been experiencing knee pain for 2 days.,Orthopedics
suffering from skin irritation since 2 days.,Dermatology
facing acid reflux and it feels serious.,Gastroenterology
suffering from weakness since few hours. i am very worried.,General Medicine
suffering from dry eyes since last night.,Ophthalmology
dealing with abdominal cramps for 2 days now. i am very worried.,Gastroenterology
i feel memory loss continuously for a week. it started suddenly.,Neurology
suffering from bloating since last night.,Gastroenterology
suffering from stomach pain since one day.,Gastroenterology
severe breathing issue is bothering me for 3 days. it started suddenly.,Emergency
child cough is bothering me for 3 days. it is not improving.,Pediatrics
having ear pain from past 2 days. the pain is increasing.,ENT
there is sleep issues happening since last night. it is getting worse.,Psychiatry
suffering from fracture since 2 days. it started suddenly.,Orthopedics
i feel period delay continuously for two weeks. the pain is increasing.,Gynecology
there is child stomach pain happening since since morning. it started suddenly.,Pediatrics
having eczema from past one day. it started suddenly.,Dermatology
sinus pain is bothering me for few hours. it started suddenly.,ENT
there is knee pain happening since two weeks. it is not improving.,Orthopedics
dealing with pelvic pain for one day now. it started suddenly.,Gynecology
dealing with hormone imbalance for last night now. it is not improving.,Endocrinology
facing dizziness and it feels serious. it started suddenly.,Neurology
wheezing is bothering me for 2 days. it is getting worse.,Pulmonology
weakness is bothering me for two weeks. the pain is qncreasing.,General Medicine
chest pain is bothering me for one day. the pain is increasing.,Cardiology
having mood swings from past 3 days. the pain is increasing.,Psychiatry
there is knee pain happening since a week. it started suddenly.,Orthopedics
there is numbness in hand happening since one day. i am very worried.,Neurology
suffering from watery eyes since a week. it started suddenly.,Ophthalmology
suffering from persistent cough since since morning. the pain is increasing.,Pulmonology
dealing wxth shortness of breath for a week now. it is getting worse.,Cardiology
i feel severe chest pain contwnuously for since morning. the pain is increasing.,Emergency
facing menstrual cramps and it feels serious. i am very worried.,Gynecology
having child stomach pain from past last night. the pain is increasing.,Pediatrics
sleep issues is bothering me for few hours. it is not improving.,Psychiatry
dealing with sinus pain for one day now. it is not improving.,ENT
suffering from ear discharge since a week. it is not improving.,ENT
dealing with memory loss for past 4 days now.,Neurology
i feel cough continuously for 2 days. the pain is increasing.,Pulmonology
dealing with sleep issues for one day now.,Psychiatry
dealing wieh vomiting in child for one day now. it is not improving.,Pediatrics
i have been experiencing anxiety for last night. it started suddenly.,Psychiatry
suffering from lower abdominal pain since two weeks. it started suddenly.,Urology
i have been experiencing vaginal discharge for few hours. the pain is increasing.,Gynecology
experiencing severe headache since a week. it started suddenly.,Neurology
i have been experiencing knee pain for since morning. it started suddenly.,Orthopedics
facing shoulder pain and it feels serious.,Orthopedics
i have been experiencing numbness in hand for 3 days. it is getting worse.,Neurology
having hormone imbalance from past few hours. it is getting worse.,Endocrinology
having memory loss from past one day.,Neurology
facing eye pain and it feels serious. it started suddenly.,Ophthalmology
there is sore throat happening since past 4 days. i am very worried.,ENT
there is sleep issues happening since since morning. it started suddenly.,Psychiatry
chest pain is bothering me for since morning. it is getting worse.,Cardiology
i feel severe breathing issue continuously for a week. i am very worried.,Emergency
experiencing severe weight gain since past 4 days. the pain is increasing.,Endocrinology
having major trauma from past since morning. it is not improving.,Emergency
i feel body pain continuously for two weeks. the pain is increasing.,General Medicine
facing wheezing and it feels serious. i am very worried.,Pulmonology
suffering from irregular periods since 3 days. it is getting worse.,Gynecology
there is shoulder pain happening since since morning. the pain is increasing.,Orthopedics
i have been experiencing stress for last night. it is not improving.,Psychiatry
suffering from wheezing since two weeks. i am very worried.,Pulmonology
having chest congestion from past last night.,Pulmonology
suffering from heavy bleeding since a week. the pain is increasing.,Gynecology
having acid reflux from past past 4 days. it is not improving.,Gastroenterology
dealing with accident injury for a week now. it is not improving.,Emergency
suffering from eczema since 2 days. it started suddenly.,Dermatology
dealing with eye redness for past 4 days now. it is not improving.,Ophthalmology
suffering from irregular periods since few hours. it iu getting worse.,Gynecology
cough is bothering me for few hours. it is getting worse.,Pulmonology
i have been experiencing blocked nose for two weeks.,ENT
experiencing severe burning urination since 2 days. i am very worried.,Urology
experiencing severe skin rash since last night. i am very worried.,Dermatology
dealing with heart palpitations for a week now. it started suddenly.,Cardiology
facing blocked nose and it feels serious. the pain is increasing.,ENT
there is sinus pain happening since 2 days.,ENT
there is accident injury happening since 3 days. it started suddenly.,Emergency
facing major trauma and it feels serious. i am vevy worried.,Emergency
experiencing severe high blood sugar since few hours. it is getting worse.,Endocrinology
having depression from past past 4 days. it is not improving.,Psychiatry
suffering from vomiting in child since 2 days. i am very worried.,Pediatrics
knee pain is bothering me for last night. it is getting worse.,Orthopedics
dealing with child cold for one day now. it is not improving.,Pediatrics
i feel red spots on skin continuously for since morning. i am very worried.,Dermatology
experiencing severe eczema since 2 days.,Dermatology
suffering from ear discharge since last night. it is getting worse.,ENT
there is pain while urinating happening since last night. the pain is increasing.,Urology
suffering from frequent urination since 2 days. it is not improving.,Urology
i have been experiencing blurred vision for since morning. it is getting worse.,Ophthalmology
i feel persistent cough continuously for 3 days.,Pulmonology
deasing with vomiting for past 4 days now. i am very worried.,Gastroenterology
i feel voice hoarseness continuously for 3 days.,ENT
there is pressure in chest happening since a week. i am very worried.,Cardiology
eczema is bothuring me for last night. it is not improving.,Dermatology
suffering from accident injury since a week.,Emergency
experiencing severe headache since past 4 days. the paiu is increasing.,Neurology
i feel eye pain continuously for few hours. i am very worried.,Ophthalmology
dealing with sore throat for a week now.,ENT
having chest congestion from past a week.,Pulmonology
having eczema from past 2 days. the pain is increawing.,Dermatology
i feel child fever continuously for past 4 days. the pain is increasing.,Pediatrics
faqing viral infection and it feels serious.,General Medicine
excess thirst is bothering me for few hours. it is getting worse.,Endocrinology
there is blurred vision happening since one day. it is getting worse.,Ophthalmology
having eye pain from past a week.,Ophthalmology
there is general discomfort happening since few hours. the pain is increasing.,General Medicine
i have been experiencing panic attacks for two weeks. it started suddenly.,Psychiatry
dealing with lower abdominal pain for few hours now. i am very worried.,Urology
there is migraine happening since 3 days.,Neurology
suffering from chesy congestion since a week. it started suddenly.,Pulmonology
suffering from dizziness since past 4 days.,Neurology
i feel weight gain continuously for 2 days. it is getting worse.,Endocrinology
i feel tightness in chest continuously for last night. the pain is increasing.,Cardiology
suffering from vaginal discharge since past 4 days.,Gynecology
i have been experiencing abdominal cramps for 2 days. it is not improving.,Gastroenterology
i feel anxiety continuously for a week. the pain is increasing.,Psychiatry
suffering from knee pain since past 4 days. it is not improving.,Orthopedics
i have been experiencing voice hoarseness for 2 days.,ENT
having child stomach pain from past since morning. it started suddenly.,Pediatrics
having fever from past a week. it is not improving.,General Medicine
dealing with body pain for two weeks now.iit started suddenly.,General Medicine
experiencing severe dizziness since one day.,Neurology
having numbness in hand from past last night. it is not improving.,Neurology
experiencing severe ggneral discomfort since 2 days. it is not improving.,General Medicine
suffering from blocked nose since last night. it is not improving.,ENT
i feel major trauma continuously for last night. it is not improving.,Emergency
i feel voice hoarseness continuously for since morning.,ENT
suffering from dry eyes since past 4 days. it is getting worse.,Ophthalmology
suffering from pressure in chest since last night.,Cardiology
i feel eczema continuously for last night. i am very worried.,Dermatology
there is period delay happening since few hours. the pain is increasing.,Gynecology
i feel rapid heartbeat continuously for two weeks. it started suddenly.,Cardiology
dealing with burning urination for 2 days now. it is not improving.,Urology
facing eczema and it feels serious. it is not improving.,Dermatology
facing body pain and it feels serious. i am very worried.,General Medicine
suffering from diarrhea since last night. i am very worried.,Gastroenterology
dealing with joint swelling for a week now. the pain is increasing.,Orthopedics
experiencing severe stomach pain since 2 days. it started suddenly.,Gastroenterology
suffering from anxiety since one day. i am very worried.,Psychiatry
facing heart palpitations and it keels serious. it is not improving.,Cardiology
i feel viral infection continuously for a week.,General Medicine
experiencing severe shoulder pain since past 4 days. i am very worried.,Orthopedics
facing acid reflux and it feels serious. the pain is increasing.,Gastroenterology
dealing with seizures for a week now. the pain is increasing.,Neurology
dealing with fever for one day now.,General Medicine
i feel shortness of breath continuously for one day.,Cardiology
having unconsciousness from past two weeks. it is not improving.,Emergency
havung eye pain from past past 4 days. it started suddenly.,Ophthalmology
i have been experiencing eye pain for last night. the pain is increasing.,Ophthalmology
having child cold from past 2 days. it is getting worse.,Pediatrics
facing weakness and it feels serious. it is not improving.,General Medicine
dealing with cold and cough for two weeks now. i am very worried.,General Medicine
breathing difficulty is bothering me for few hours. it is getting worse.,Pulmonology
suffering from breathing difficulty since 3 days. it is not improving.,Pulmonology
facing child cold and it feels serious. it started suddenly.,Pediatrics
cold and cough is bothering me for a week. it is not improving.,General Medicine
having severe breathing issue from past last night. it is not improving.,Emergency
eczema is bothering me for 2 days. it is getting worse.,Dermatology
stomach pain ns bothering me for last night. it started suddenly.,Gastroenterology
i have been experiencing fatigue for one day. it started suddenly.,Endocrinology
dealing with excess thirst for past 4 days now. i am very worried.,Endocrinology
having menstrual cramps from past past 4 days.,Gynecology
there is knee pain happening since few hours. it started suddenly.,Orthopedics
there is general discomfort happening since last night. it is getting worse.,General Medicine
i have been experiencing viral infection for last night.,General Medicine
dealing with headache for 2 days now. it is not improving.,Neurology
experiencing severe urine infection since since morning. the pain is increasing.,Urology
suffering from acid reflux since since morning. the pain is increasing.,Gastroenterology
facing migraine and it feels serious. it is not improving.,Neurology
i feel thyroid problem continuously for 2 days. it is not improving.,Endocrinology
facing skin rash and it feels serious. it is not improving.,Dermatology
abdominal cramps is bothering me for 3 days. i am very worried.,Gastroenterology
i have been experiencing ear pain for one day. the pain is increasing.,ENT
having vaginal discharge from past 3 days. it is not improving.,Gynecology
facing period delay and it feels serious. it started suddenly.,Gynecology
having sore throat from past a week. it started suddenly.,ENT
i feel stress continuously for past 4 days. it started suddenly.,Psychiatry
chest congestion is bothering me for a week. it is getting worse.,Pulmonology
there is blocked nose happening since one day. it is not improving.,ENT
there is blood in urine happening since since morning. the pain is increasing.,Urology
suffering from back pain since past 4 days. it is not improving.,Orthopedics
accident injury is bothering me flr last night.,Emergency
i feel period delay continuously for two weeks. it is getting worse.,Gynecology
there is hormone imbalance happening since past 4 days. i am very worried.,Endocrinology
dealing with weight gain for past 4 days now. it started suddenly.,Endocrinology
experiencing severe acid reflux since 3 days. it is not improving.,Gastroenterology
dealing with acid reflux for 2 days now.,Gastroenterology
facing diarrhea and it feels serious. i am very worried.,Gastroenterology
i have been experiencing cough for few hours. i am very worried.,Pulmonology
dealing with fever for two weeks now. it is not improving.,General Medicine
facing general discomfort and it feels serious. it started suddenly.,General Medicine
dealing with skin rash for two weeks now. the pain is increasing.,Dermatology
experiencing severe abdominal cramps since last night.,Gastroenterology
suffering from migraine since 2 days. it is not improving.,Neurology
dealing with urine infection for 2 days now.,Urology
suffering from pelvic pain since few hours. the pain is increasing.,Gynecology
suffering from panic attacks since past 4 days. the pain is increasing.,Psychiatry
there is unconsciolsness happening since 3 days. it is not improving.,Emergency
suffering from child stomach pain since one day. it is not improving.,Pediatrics
i have been experiencing sore throat for 3 days. the pain is increasing.,ENT
i have been experiencing dizziness for few hours. it is not improving.,Neurology
experiencing severe ankle injury since since morning. it is not improving.,Orthopedics
there is skin irritation happening since past 4 days.,Dermatology
i feel skin rash continuously for one day.,Dermatology
dealing with pain while urinating for 3 days now. it started suddenly.,Urology
i feel shortness of breath continuously for since morning. it started suddenly.,Cardiology
i feel stress continuously for last night. it started suddenly.,Psychiatry
experiencing severe eye pain since two weeks. it is getting worse.,Ophthalmology
facing mood swings and it feels serious.,Psychiatry
thyroid problem is bothering me for a week. it is getting worse.,Endocrinology
facing severe breathing issue and it feels serious. it is not improving.,Emergency
having vaginal discharge from past one day. it is getting worse.,Gynecology
having ear discharge from past last night. it is not improving.,ENT
having blood in urine from past last night. it started suddenly.,Urology
there is eye redness happening since 3 days. i am very worried.,Ophthalmology
suffering from cough since one day. it is not improving.,Pulmonology
dealing with period delay for 2 days now. it started suddenly.,Gynecology
suffering from vomiting in child since since morning. i am very worried.,Pediatrics
dealing with frequent urination for one day now. i am very worried.,Urology
having lower abdominal pain from past past 4 days. it started suddenly.,Urology
panic attacks is bothering me for past 4 days. it started suddenly.,Psychiatry
i feel back pain continuously for two weeks. i am very worried.,Orthopedics
suffering from unconsciousness since last night.,Emergency
having child fever from past last night. it is getting worse.,Pediatrics
heavy bleeding is bothering me for few hours. i am very worried.,Gynecology
experiencing severe acid reflux since 2 days. i am very worried.,Gastroenterology
facing memory loss and it feels serious. the pain is increasing.,Neurology
experiencing severe child cold since past 4 days.,Pediatrics
having memory loss from past 2 days. the pain is increasing.,Neurology
there is tightness in chest happening since 3 days.,Cardiology
i feel severe breathing issue continuously for one day. it is not improving.,Emergency
facing acne and it feels serious. it is not improving.,Dermatology
having pelvic pain from past a week.,Gynecology
there is tightness in chest happening since one day. i am very worried.,Cardiology
experiencing severe hormone imbalance since a week.,Endocrinology
experiencing severe general discomfort since 2 days.,General Medicine
suffering from thyroid problem since since morning. it started suddenly.,Endocrinology
i feel breathing difficulty continuously for one day. it is getting worse.,Pulmonology
i feel frequent urination continuously for 2 days. it started suddenly.,Urology
having seizures from past one day. it is getting worse.,Neurology
experiencing severe child stomach pain since one day. it is not improving.,Pediatrics
wheezing is bothering me for a week.,Pulmonology
dealing with viral infection for a week now. the pain is increasing.,General Medicine
experiencing severe severe chest pain since two weeks. it is not improving.,Emergency
i feel cough continuously for last night. it started suddenly.,Pulmonology
ear discharge is bothering me for since morning. it is not improving.,ENT
suffering from eye redness since last night.,Ophthalmology
having ear discharge from past 3 days. it started suddenly.,ENT
experiencing severe dizziness since 3 days. i am very worried.,Neurology
having bloating from past since morning. i am very worried.,Gastroenterology
facing child cough and it feels serious.,Pediatrics
dealing with double vision for a week now. it is getting worse.,Ophthalmology
i feel cold and cough continuously sor few hours. it is not improving.,General Medicine
child stomach pain is bothering me for 3 days. it is getting worse.,Pediatrics
blocked nose is bothering me for 2 days. it is not improving.,ENT
facing skin irritation and it feels serious.,Dermatology
having coldfand cough from past two weeks. it started suddenly.,General Medicine
i feel child fever continuously for few hours. the pain is increasing.,Pediatrics
experiencing severe weight gain since past 4 days. i am very worried.,Endocrinology
i feel seizuwes continuously for 3 days. it is getting worse.,Neurology
having child cold from past few hours. it is not improving.,Pediatrics
child fever is bothering me for since morning.,Pediatrics
suffering from severe breathing issue since since morning. it is getting worse.,Emergency
suffering from diarrhea since two weeks.,Gastroenterology
facing rash in child and it feels serious.,Pediatrics
dealing with fever for 2 days now. i am very worried.,General Medicine
i have been experiencing blocked nose for few hours. it is getting worse.,ENT
dealing with cold and cough for last night now. it is not improving.,General Medicine
having panic attacks from past past 4 days. i am very worried.,Psychiatry
experiencing severe rash in child since one day. it started suddenly.,Pediatrics
having acid reflux from past since morning. it is getting worse.,Gastroenterology
experiencing severe pelvic pain since 2 days. it is not improving.,Gynecology
hnving rash in child from past past 4 days. it started suddenly.,Pediatrics
there is accident injury happening since 2 days. i am very worried.,Emergency
watery eyes is bothering me for 2 days.,Ophthalmology
dealing with itching for a week now. it is getting worse.,Dermatology
i feel eye redness continuously for last night. it started suddenly.,Ophthalmology
suffering from lower abdominal pain since a week. it started suddenly.,Urology
there is thyroid problem happening since since morning. i am very worried.,Endocrinology
facing ear pain and it feels serious. it is getting worse.,ENT
memory loss is bothering me for past 4 days.,Neurology
there is heavy bleeding happening since since morning. it started suddenly.,Emergency
suffering from shortness of breath since since morning. it is not improving.,Pulmonology
dealing with anxiety for 3 days now. i am very worried.,Psychiatry
headache is bothering me for few hours.,Neurology
child cough is bothering me for one day. it is getting worse.,Pediatrics
i feel pressure in chest continuously for past 4 days. the pain is increasing.,Cardiology
suffering from fracture since two weeks. the pain is increasing.,Orthopedics
blocked nose is bothering me for a week. the pain is increasing.,ENT
there is memory loss happening since two weeks. it started suddenly.,Neurology
suffering from child cold since one day. it is getting worse.,Pediatrics
i have been experiencing child feveu for few hours. it is getting worse.,Pediatrics
i have been experiencing double vision for few hours. it is getting worse.,Ophthalmology
seizures is bothering me for last night. it is getting worse.,Neurology
there is tightness in chest happening since 3 days. it started suddenly.,Cardiology
sufferisg from heavy bleeding since since morning. the pain is increasing.,Gynecology
having eczema from past one day. the pain is increasing.,Dermatology
i have been experiencing sinus pain for 2 days. it is not improving.,ENT
dealing with rash in child for a week now.,Pediatrics
i feel memory loss continuously for two weeks. i am very worried.,Neurology
heart palpitations is bothering me for 2 days.,Cardiology
dealing with stress for last night now. it started suddenly.,Psychiatry
abdominal cramps is bothering me for since morning. the pain is increasing.,Gastroenterology
i feel heart palpitations continuously for two weeks. it is getting worse.,Cardiology
vaginal discharge is bothering me for last night.,Gynecology
rash in child is bothering me for few hours. it is getting worse.,Pediatrics
dealing with frequent urination for 2 days now. it started suddenly.,Urology
suffering from back pain since two weeks. it started suddenly.,Orthopedics
i feel urine infection continuously for a week. it is getting worse.,Urology
experiencing severe tightness in chest since last night. the pain is increasing.,Cardiology
having sore thfoat from past 2 days. it is getting worse.,ENT
dealing with excess thirst for two weeks now.,Endocrinology
i have been experiencing ankle injury for 2 days. i am very worried.,Orthopedics
suffering from shortness of breath since past 4 days. the pain is increasing.,Pulmonology
